source_feed_id,source_feed_folder,service_id,date,exception_type,original_service_id
feed_shizuokacity_ikawa_20260401_20260630213838,feed_shizuokacity_ikawa_20260401_20260630213838,feed_shizuokacity_ikawa_20260401_20260630213838_i-weekday,20260429,2,i-weekday
feed_shizuokacity_ikawa_20260401_20260630213838,feed_shizuokacity_ikawa_20260401_20260630213838,feed_shizuokacity_ikawa_20260401_20260630213838_i-weekday,20260503,2,i-weekday
feed_shizuokacity_ikawa_20260401_20260630213838,feed_shizuokacity_ikawa_20260401_20260630213838,feed_shizuokacity_ikawa_20260401_20260630213838_i-weekday,20260504,2,i-weekday
feed_shizuokacity_ikawa_20260401_20260630213838,feed_shizuokacity_ikawa_20260401_20260630213838,feed_shizuokacity_ikawa_20260401_20260630213838_i-weekday,20260505,2,i-weekday
feed_shizuokacity_ikawa_20260401_20260630213838,feed_shizuokacity_ikawa_20260401_20260630213838,feed_shizuokacity_ikawa_20260401_20260630213838_i-weekday,20260506,2,i-weekday
feed_shizuokacity_ikawa_20260401_20260630213838,feed_shizuokacity_ikawa_20260401_20260630213838,feed_shizuokacity_ikawa_20260401_20260630213838_i-weekday,20260720,2,i-weekday
feed_shizuokacity_ikawa_20260401_20260630213838,feed_shizuokacity_ikawa_20260401_20260630213838,feed_shizuokacity_ikawa_20260401_20260630213838_i-weekday,20260811,2,i-weekday
feed_shizuokacity_ikawa_20260401_20260630213838,feed_shizuokacity_ikawa_20260401_20260630213838,feed_shizuokacity_ikawa_20260401_20260630213838_i-weekday,20260921,2,i-weekday
feed_shizuokacity_ikawa_20260401_20260630213838,feed_shizuokacity_ikawa_20260401_20260630213838,feed_shizuokacity_ikawa_20260401_20260630213838_i-weekday,20260922,2,i-weekday
feed_shizuokacity_ikawa_20260401_20260630213838,feed_shizuokacity_ikawa_20260401_20260630213838,feed_shizuokacity_ikawa_20260401_20260630213838_i-weekday,20260923,2,i-weekday
feed_shizuokacity_ikawa_20260401_20260630213838,feed_shizuokacity_ikawa_20260401_20260630213838,feed_shizuokacity_ikawa_20260401_20260630213838_i-weekday,20261012,2,i-weekday
feed_shizuokacity_ikawa_20260401_20260630213838,feed_shizuokacity_ikawa_20260401_20260630213838,feed_shizuokacity_ikawa_20260401_20260630213838_i-weekday,20261103,2,i-weekday
feed_shizuokacity_ikawa_20260401_20260630213838,feed_shizuokacity_ikawa_20260401_20260630213838,feed_shizuokacity_ikawa_20260401_20260630213838_i-weekday,20261123,2,i-weekday
feed_shizuokacity_ikawa_20260401_20260630213838,feed_shizuokacity_ikawa_20260401_20260630213838,feed_shizuokacity_ikawa_20260401_20260630213838_i-weekday,20261229,2,i-weekday
feed_shizuokacity_ikawa_20260401_20260630213838,feed_shizuokacity_ikawa_20260401_20260630213838,feed_shizuokacity_ikawa_20260401_20260630213838_i-weekday,20261230,2,i-weekday
feed_shizuokacity_ikawa_20260401_20260630213838,feed_shizuokacity_ikawa_20260401_20260630213838,feed_shizuokacity_ikawa_20260401_20260630213838_i-weekday,20261231,2,i-weekday
feed_shizuokacity_ikawa_20260401_20260630213838,feed_shizuokacity_ikawa_20260401_20260630213838,feed_shizuokacity_ikawa_20260401_20260630213838_i-weekday,20270101,2,i-weekday
feed_shizuokacity_ikawa_20260401_20260630213838,feed_shizuokacity_ikawa_20260401_20260630213838,feed_shizuokacity_ikawa_20260401_20260630213838_i-weekday,20270102,2,i-weekday
feed_shizuokacity_ikawa_20260401_20260630213838,feed_shizuokacity_ikawa_20260401_20260630213838,feed_shizuokacity_ikawa_20260401_20260630213838_i-weekday,20270103,2,i-weekday
feed_shizuokacity_ikawa_20260401_20260630213838,feed_shizuokacity_ikawa_20260401_20260630213838,feed_shizuokacity_ikawa_20260401_20260630213838_i-weekday,20270111,2,i-weekday
feed_shizuokacity_ikawa_20260401_20260630213838,feed_shizuokacity_ikawa_20260401_20260630213838,feed_shizuokacity_ikawa_20260401_20260630213838_i-weekday,20270211,2,i-weekday
feed_shizuokacity_ikawa_20260401_20260630213838,feed_shizuokacity_ikawa_20260401_20260630213838,feed_shizuokacity_ikawa_20260401_20260630213838_i-weekday,20270223,2,i-weekday
feed_shizuokacity_ikawa_20260401_20260630213838,feed_shizuokacity_ikawa_20260401_20260630213838,feed_shizuokacity_ikawa_20260401_20260630213838_i-weekday,20270321,2,i-weekday
feed_shizuokacity_ikawa_20260401_20260630213838,feed_shizuokacity_ikawa_20260401_20260630213838,feed_shizuokacity_ikawa_20260401_20260630213838_i-weekday,20270322,2,i-weekday
feed_shizuokacity_ikawa_20260401_20260630213838,feed_shizuokacity_ikawa_20260401_20260630213838,feed_shizuokacity_ikawa_20260401_20260630213838_i-weekday,20270429,2,i-weekday
feed_shizuokacity_ikawa_20260401_20260630213838,feed_shizuokacity_ikawa_20260401_20260630213838,feed_shizuokacity_ikawa_20260401_20260630213838_i-weekday,20270503,2,i-weekday
feed_shizuokacity_ikawa_20260401_20260630213838,feed_shizuokacity_ikawa_20260401_20260630213838,feed_shizuokacity_ikawa_20260401_20260630213838_i-weekday,20270504,2,i-weekday
feed_shizuokacity_ikawa_20260401_20260630213838,feed_shizuokacity_ikawa_20260401_20260630213838,feed_shizuokacity_ikawa_20260401_20260630213838_i-weekday,20270505,2,i-weekday
feed_shizuokacity_ikawa_20260401_20260630213838,feed_shizuokacity_ikawa_20260401_20260630213838,feed_shizuokacity_ikawa_20260401_20260630213838_i-weekend,20260429,1,i-weekend
feed_shizuokacity_ikawa_20260401_20260630213838,feed_shizuokacity_ikawa_20260401_20260630213838,feed_shizuokacity_ikawa_20260401_20260630213838_i-weekend,20260503,1,i-weekend
feed_shizuokacity_ikawa_20260401_20260630213838,feed_shizuokacity_ikawa_20260401_20260630213838,feed_shizuokacity_ikawa_20260401_20260630213838_i-weekend,20260504,1,i-weekend
feed_shizuokacity_ikawa_20260401_20260630213838,feed_shizuokacity_ikawa_20260401_20260630213838,feed_shizuokacity_ikawa_20260401_20260630213838_i-weekend,20260505,1,i-weekend
feed_shizuokacity_ikawa_20260401_20260630213838,feed_shizuokacity_ikawa_20260401_20260630213838,feed_shizuokacity_ikawa_20260401_20260630213838_i-weekend,20260506,1,i-weekend
feed_shizuokacity_ikawa_20260401_20260630213838,feed_shizuokacity_ikawa_20260401_20260630213838,feed_shizuokacity_ikawa_20260401_20260630213838_i-weekend,20260720,1,i-weekend
feed_shizuokacity_ikawa_20260401_20260630213838,feed_shizuokacity_ikawa_20260401_20260630213838,feed_shizuokacity_ikawa_20260401_20260630213838_i-weekend,20260811,1,i-weekend
feed_shizuokacity_ikawa_20260401_20260630213838,feed_shizuokacity_ikawa_20260401_20260630213838,feed_shizuokacity_ikawa_20260401_20260630213838_i-weekend,20260921,1,i-weekend
feed_shizuokacity_ikawa_20260401_20260630213838,feed_shizuokacity_ikawa_20260401_20260630213838,feed_shizuokacity_ikawa_20260401_20260630213838_i-weekend,20260922,1,i-weekend
feed_shizuokacity_ikawa_20260401_20260630213838,feed_shizuokacity_ikawa_20260401_20260630213838,feed_shizuokacity_ikawa_20260401_20260630213838_i-weekend,20260923,1,i-weekend
feed_shizuokacity_ikawa_20260401_20260630213838,feed_shizuokacity_ikawa_20260401_20260630213838,feed_shizuokacity_ikawa_20260401_20260630213838_i-weekend,20261012,1,i-weekend
feed_shizuokacity_ikawa_20260401_20260630213838,feed_shizuokacity_ikawa_20260401_20260630213838,feed_shizuokacity_ikawa_20260401_20260630213838_i-weekend,20261103,1,i-weekend
feed_shizuokacity_ikawa_20260401_20260630213838,feed_shizuokacity_ikawa_20260401_20260630213838,feed_shizuokacity_ikawa_20260401_20260630213838_i-weekend,20261123,1,i-weekend
feed_shizuokacity_ikawa_20260401_20260630213838,feed_shizuokacity_ikawa_20260401_20260630213838,feed_shizuokacity_ikawa_20260401_20260630213838_i-weekend,20261229,1,i-weekend
feed_shizuokacity_ikawa_20260401_20260630213838,feed_shizuokacity_ikawa_20260401_20260630213838,feed_shizuokacity_ikawa_20260401_20260630213838_i-weekend,20261230,1,i-weekend
feed_shizuokacity_ikawa_20260401_20260630213838,feed_shizuokacity_ikawa_20260401_20260630213838,feed_shizuokacity_ikawa_20260401_20260630213838_i-weekend,20261231,1,i-weekend
feed_shizuokacity_ikawa_20260401_20260630213838,feed_shizuokacity_ikawa_20260401_20260630213838,feed_shizuokacity_ikawa_20260401_20260630213838_i-weekend,20270101,1,i-weekend
feed_shizuokacity_ikawa_20260401_20260630213838,feed_shizuokacity_ikawa_20260401_20260630213838,feed_shizuokacity_ikawa_20260401_20260630213838_i-weekend,20270102,1,i-weekend
feed_shizuokacity_ikawa_20260401_20260630213838,feed_shizuokacity_ikawa_20260401_20260630213838,feed_shizuokacity_ikawa_20260401_20260630213838_i-weekend,20270103,1,i-weekend
feed_shizuokacity_ikawa_20260401_20260630213838,feed_shizuokacity_ikawa_20260401_20260630213838,feed_shizuokacity_ikawa_20260401_20260630213838_i-weekend,20270111,1,i-weekend
feed_shizuokacity_ikawa_20260401_20260630213838,feed_shizuokacity_ikawa_20260401_20260630213838,feed_shizuokacity_ikawa_20260401_20260630213838_i-weekend,20270211,1,i-weekend
feed_shizuokacity_ikawa_20260401_20260630213838,feed_shizuokacity_ikawa_20260401_20260630213838,feed_shizuokacity_ikawa_20260401_20260630213838_i-weekend,20270223,1,i-weekend
feed_shizuokacity_ikawa_20260401_20260630213838,feed_shizuokacity_ikawa_20260401_20260630213838,feed_shizuokacity_ikawa_20260401_20260630213838_i-weekend,20270321,1,i-weekend
feed_shizuokacity_ikawa_20260401_20260630213838,feed_shizuokacity_ikawa_20260401_20260630213838,feed_shizuokacity_ikawa_20260401_20260630213838_i-weekend,20270322,1,i-weekend
feed_shizuokacity_ikawa_20260401_20260630213838,feed_shizuokacity_ikawa_20260401_20260630213838,feed_shizuokacity_ikawa_20260401_20260630213838_i-weekend,20270429,1,i-weekend
feed_shizuokacity_ikawa_20260401_20260630213838,feed_shizuokacity_ikawa_20260401_20260630213838,feed_shizuokacity_ikawa_20260401_20260630213838_i-weekend,20270503,1,i-weekend
feed_shizuokacity_ikawa_20260401_20260630213838,feed_shizuokacity_ikawa_20260401_20260630213838,feed_shizuokacity_ikawa_20260401_20260630213838_i-weekend,20270504,1,i-weekend
feed_shizuokacity_ikawa_20260401_20260630213838,feed_shizuokacity_ikawa_20260401_20260630213838,feed_shizuokacity_ikawa_20260401_20260630213838_i-weekend,20270505,1,i-weekend
feed_shizuokacity_ikawa_20260401_20260630213838,feed_shizuokacity_ikawa_20260401_20260630213838,feed_shizuokacity_ikawa_20260401_20260630213838_i-summer,20260720,1,i-summer
feed_shizuokacity_ikawa_20260401_20260630213838,feed_shizuokacity_ikawa_20260401_20260630213838,feed_shizuokacity_ikawa_20260401_20260630213838_i-summer,20260811,1,i-summer
feed_shizuokacity_ikawa_20260401_20260630213838,feed_shizuokacity_ikawa_20260401_20260630213838,feed_shizuokacity_ikawa_20260401_20260630213838_i-summer,20260921,2,i-summer
feed_shizuokacity_ikawa_20260401_20260630213838,feed_shizuokacity_ikawa_20260401_20260630213838,feed_shizuokacity_ikawa_20260401_20260630213838_i-summer,20260922,2,i-summer
feed_shizuokacity_ikawa_20260401_20260630213838,feed_shizuokacity_ikawa_20260401_20260630213838,feed_shizuokacity_ikawa_20260401_20260630213838_i-summer,20260923,2,i-summer
feed_shizuokacity_ikawa_20260401_20260630213838,feed_shizuokacity_ikawa_20260401_20260630213838,feed_shizuokacity_ikawa_20260401_20260630213838_i-summer,20261012,1,i-summer
feed_shizuokacity_ikawa_20260401_20260630213838,feed_shizuokacity_ikawa_20260401_20260630213838,feed_shizuokacity_ikawa_20260401_20260630213838_i-summer,20261103,1,i-summer
feed_shizuokacity_ikawa_20260401_20260630213838,feed_shizuokacity_ikawa_20260401_20260630213838,feed_shizuokacity_ikawa_20260401_20260630213838_i-summer,20261123,1,i-summer
feed_shizuokacity_ikawa_20260401_20260630213838,feed_shizuokacity_ikawa_20260401_20260630213838,feed_shizuokacity_ikawa_20260401_20260630213838_i-summer,20260905,2,i-summer
feed_shizuokacity_ikawa_20260401_20260630213838,feed_shizuokacity_ikawa_20260401_20260630213838,feed_shizuokacity_ikawa_20260401_20260630213838_i-summer,20260906,2,i-summer
feed_shizuokacity_ikawa_20260401_20260630213838,feed_shizuokacity_ikawa_20260401_20260630213838,feed_shizuokacity_ikawa_20260401_20260630213838_i-summer,20260912,2,i-summer
feed_shizuokacity_ikawa_20260401_20260630213838,feed_shizuokacity_ikawa_20260401_20260630213838,feed_shizuokacity_ikawa_20260401_20260630213838_i-summer,20260913,2,i-summer
feed_shizuokacity_ikawa_20260401_20260630213838,feed_shizuokacity_ikawa_20260401_20260630213838,feed_shizuokacity_ikawa_20260401_20260630213838_i-summer,20260919,2,i-summer
feed_shizuokacity_ikawa_20260401_20260630213838,feed_shizuokacity_ikawa_20260401_20260630213838,feed_shizuokacity_ikawa_20260401_20260630213838_i-summer,20260920,2,i-summer
feed_shizuokacity_ikawa_20260401_20260630213838,feed_shizuokacity_ikawa_20260401_20260630213838,feed_shizuokacity_ikawa_20260401_20260630213838_i-summer,20260926,2,i-summer
feed_shizuokacity_ikawa_20260401_20260630213838,feed_shizuokacity_ikawa_20260401_20260630213838,feed_shizuokacity_ikawa_20260401_20260630213838_i-summer,20260927,2,i-summer
feed_shizuokacity_iryo_fukushi_20260401_20260630214444,feed_shizuokacity_iryo-fukushi_20260401_20260630214444,feed_shizuokacity_iryo_fukushi_20260401_20260630214444_f-weekday,20260429,2,f-weekday
feed_shizuokacity_iryo_fukushi_20260401_20260630214444,feed_shizuokacity_iryo-fukushi_20260401_20260630214444,feed_shizuokacity_iryo_fukushi_20260401_20260630214444_f-weekday,20260503,2,f-weekday
feed_shizuokacity_iryo_fukushi_20260401_20260630214444,feed_shizuokacity_iryo-fukushi_20260401_20260630214444,feed_shizuokacity_iryo_fukushi_20260401_20260630214444_f-weekday,20260504,2,f-weekday
feed_shizuokacity_iryo_fukushi_20260401_20260630214444,feed_shizuokacity_iryo-fukushi_20260401_20260630214444,feed_shizuokacity_iryo_fukushi_20260401_20260630214444_f-weekday,20260505,2,f-weekday
feed_shizuokacity_iryo_fukushi_20260401_20260630214444,feed_shizuokacity_iryo-fukushi_20260401_20260630214444,feed_shizuokacity_iryo_fukushi_20260401_20260630214444_f-weekday,20260506,2,f-weekday
feed_shizuokacity_iryo_fukushi_20260401_20260630214444,feed_shizuokacity_iryo-fukushi_20260401_20260630214444,feed_shizuokacity_iryo_fukushi_20260401_20260630214444_f-weekday,20260720,2,f-weekday
feed_shizuokacity_iryo_fukushi_20260401_20260630214444,feed_shizuokacity_iryo-fukushi_20260401_20260630214444,feed_shizuokacity_iryo_fukushi_20260401_20260630214444_f-weekday,20260811,2,f-weekday
feed_shizuokacity_iryo_fukushi_20260401_20260630214444,feed_shizuokacity_iryo-fukushi_20260401_20260630214444,feed_shizuokacity_iryo_fukushi_20260401_20260630214444_f-weekday,20260921,2,f-weekday
feed_shizuokacity_iryo_fukushi_20260401_20260630214444,feed_shizuokacity_iryo-fukushi_20260401_20260630214444,feed_shizuokacity_iryo_fukushi_20260401_20260630214444_f-weekday,20260922,2,f-weekday
feed_shizuokacity_iryo_fukushi_20260401_20260630214444,feed_shizuokacity_iryo-fukushi_20260401_20260630214444,feed_shizuokacity_iryo_fukushi_20260401_20260630214444_f-weekday,20260923,2,f-weekday
feed_shizuokacity_ryougouchi_20260401_20260630200904,feed_shizuokacity_ryougouchi_20260401_20260630200904,feed_shizuokacity_ryougouchi_20260401_20260630200904_t-weekday,20260720,2,t-weekday
feed_shizuokacity_ryougouchi_20260401_20260630200904,feed_shizuokacity_ryougouchi_20260401_20260630200904,feed_shizuokacity_ryougouchi_20260401_20260630200904_t-weekday,20260811,2,t-weekday
feed_shizuokacity_ryougouchi_20260401_20260630200904,feed_shizuokacity_ryougouchi_20260401_20260630200904,feed_shizuokacity_ryougouchi_20260401_20260630200904_t-weekday,20260921,2,t-weekday
feed_shizuokacity_ryougouchi_20260401_20260630200904,feed_shizuokacity_ryougouchi_20260401_20260630200904,feed_shizuokacity_ryougouchi_20260401_20260630200904_t-weekday,20260922,2,t-weekday
feed_shizuokacity_ryougouchi_20260401_20260630200904,feed_shizuokacity_ryougouchi_20260401_20260630200904,feed_shizuokacity_ryougouchi_20260401_20260630200904_t-weekday,20260923,2,t-weekday
feed_shizuokacity_ryougouchi_20260401_20260630200904,feed_shizuokacity_ryougouchi_20260401_20260630200904,feed_shizuokacity_ryougouchi_20260401_20260630200904_t-weekday,20261012,2,t-weekday
feed_shizuokacity_ryougouchi_20260401_20260630200904,feed_shizuokacity_ryougouchi_20260401_20260630200904,feed_shizuokacity_ryougouchi_20260401_20260630200904_t-weekday,20261103,2,t-weekday
feed_shizuokacity_ryougouchi_20260401_20260630200904,feed_shizuokacity_ryougouchi_20260401_20260630200904,feed_shizuokacity_ryougouchi_20260401_20260630200904_t-weekday,20261123,2,t-weekday
feed_shizuokacity_ryougouchi_20260401_20260630200904,feed_shizuokacity_ryougouchi_20260401_20260630200904,feed_shizuokacity_ryougouchi_20260401_20260630200904_t-weekday,20261229,2,t-weekday
feed_shizuokacity_ryougouchi_20260401_20260630200904,feed_shizuokacity_ryougouchi_20260401_20260630200904,feed_shizuokacity_ryougouchi_20260401_20260630200904_t-weekday,20261230,2,t-weekday
feed_shizuokacity_ryougouchi_20260401_20260630200904,feed_shizuokacity_ryougouchi_20260401_20260630200904,feed_shizuokacity_ryougouchi_20260401_20260630200904_t-weekday,20261231,2,t-weekday
feed_shizuokacity_ryougouchi_20260401_20260630200904,feed_shizuokacity_ryougouchi_20260401_20260630200904,feed_shizuokacity_ryougouchi_20260401_20260630200904_t-weekday,20270101,2,t-weekday
feed_shizuokacity_ryougouchi_20260401_20260630200904,feed_shizuokacity_ryougouchi_20260401_20260630200904,feed_shizuokacity_ryougouchi_20260401_20260630200904_t-weekday,20270102,2,t-weekday
feed_shizuokacity_ryougouchi_20260401_20260630200904,feed_shizuokacity_ryougouchi_20260401_20260630200904,feed_shizuokacity_ryougouchi_20260401_20260630200904_t-weekday,20270103,2,t-weekday
feed_shizuokacity_ryougouchi_20260401_20260630200904,feed_shizuokacity_ryougouchi_20260401_20260630200904,feed_shizuokacity_ryougouchi_20260401_20260630200904_t-weekday,20270111,2,t-weekday
feed_shizuokacity_ryougouchi_20260401_20260630200904,feed_shizuokacity_ryougouchi_20260401_20260630200904,feed_shizuokacity_ryougouchi_20260401_20260630200904_t-weekday,20270211,2,t-weekday
feed_shizuokacity_ryougouchi_20260401_20260630200904,feed_shizuokacity_ryougouchi_20260401_20260630200904,feed_shizuokacity_ryougouchi_20260401_20260630200904_t-weekday,20270223,2,t-weekday
feed_shizuokacity_ryougouchi_20260401_20260630200904,feed_shizuokacity_ryougouchi_20260401_20260630200904,feed_shizuokacity_ryougouchi_20260401_20260630200904_t-weekday,20270321,2,t-weekday
feed_shizuokacity_ryougouchi_20260401_20260630200904,feed_shizuokacity_ryougouchi_20260401_20260630200904,feed_shizuokacity_ryougouchi_20260401_20260630200904_t-weekday,20270322,2,t-weekday
feed_shizuokacity_ryougouchi_20260401_20260630200904,feed_shizuokacity_ryougouchi_20260401_20260630200904,feed_shizuokacity_ryougouchi_20260401_20260630200904_t-weekday,20270429,2,t-weekday
feed_shizuokacity_ryougouchi_20260401_20260630200904,feed_shizuokacity_ryougouchi_20260401_20260630200904,feed_shizuokacity_ryougouchi_20260401_20260630200904_t-weekday,20270503,2,t-weekday
feed_shizuokacity_ryougouchi_20260401_20260630200904,feed_shizuokacity_ryougouchi_20260401_20260630200904,feed_shizuokacity_ryougouchi_20260401_20260630200904_t-weekday,20270504,2,t-weekday
feed_shizuokacity_ryougouchi_20260401_20260630200904,feed_shizuokacity_ryougouchi_20260401_20260630200904,feed_shizuokacity_ryougouchi_20260401_20260630200904_t-weekday,20270505,2,t-weekday
feed_shizuokacity_ryougouchi_20260401_20260630200904,feed_shizuokacity_ryougouchi_20260401_20260630200904,feed_shizuokacity_ryougouchi_20260401_20260630200904_t-sat,20260720,2,t-sat
feed_shizuokacity_ryougouchi_20260401_20260630200904,feed_shizuokacity_ryougouchi_20260401_20260630200904,feed_shizuokacity_ryougouchi_20260401_20260630200904_t-sat,20260811,2,t-sat
feed_shizuokacity_ryougouchi_20260401_20260630200904,feed_shizuokacity_ryougouchi_20260401_20260630200904,feed_shizuokacity_ryougouchi_20260401_20260630200904_t-sat,20260921,2,t-sat
feed_shizuokacity_ryougouchi_20260401_20260630200904,feed_shizuokacity_ryougouchi_20260401_20260630200904,feed_shizuokacity_ryougouchi_20260401_20260630200904_t-sat,20260922,2,t-sat
feed_shizuokacity_ryougouchi_20260401_20260630200904,feed_shizuokacity_ryougouchi_20260401_20260630200904,feed_shizuokacity_ryougouchi_20260401_20260630200904_t-sat,20260923,2,t-sat
feed_shizuokacity_ryougouchi_20260401_20260630200904,feed_shizuokacity_ryougouchi_20260401_20260630200904,feed_shizuokacity_ryougouchi_20260401_20260630200904_t-sat,20261012,2,t-sat
feed_shizuokacity_ryougouchi_20260401_20260630200904,feed_shizuokacity_ryougouchi_20260401_20260630200904,feed_shizuokacity_ryougouchi_20260401_20260630200904_t-sat,20261103,2,t-sat
feed_shizuokacity_ryougouchi_20260401_20260630200904,feed_shizuokacity_ryougouchi_20260401_20260630200904,feed_shizuokacity_ryougouchi_20260401_20260630200904_t-sat,20261123,2,t-sat
feed_shizuokacity_ryougouchi_20260401_20260630200904,feed_shizuokacity_ryougouchi_20260401_20260630200904,feed_shizuokacity_ryougouchi_20260401_20260630200904_t-sat,20261229,2,t-sat
feed_shizuokacity_ryougouchi_20260401_20260630200904,feed_shizuokacity_ryougouchi_20260401_20260630200904,feed_shizuokacity_ryougouchi_20260401_20260630200904_t-sat,20261230,2,t-sat
feed_shizuokacity_ryougouchi_20260401_20260630200904,feed_shizuokacity_ryougouchi_20260401_20260630200904,feed_shizuokacity_ryougouchi_20260401_20260630200904_t-sat,20261231,2,t-sat
feed_shizuokacity_ryougouchi_20260401_20260630200904,feed_shizuokacity_ryougouchi_20260401_20260630200904,feed_shizuokacity_ryougouchi_20260401_20260630200904_t-sat,20270101,2,t-sat
feed_shizuokacity_ryougouchi_20260401_20260630200904,feed_shizuokacity_ryougouchi_20260401_20260630200904,feed_shizuokacity_ryougouchi_20260401_20260630200904_t-sat,20270102,2,t-sat
feed_shizuokacity_ryougouchi_20260401_20260630200904,feed_shizuokacity_ryougouchi_20260401_20260630200904,feed_shizuokacity_ryougouchi_20260401_20260630200904_t-sat,20270103,2,t-sat
feed_shizuokacity_ryougouchi_20260401_20260630200904,feed_shizuokacity_ryougouchi_20260401_20260630200904,feed_shizuokacity_ryougouchi_20260401_20260630200904_t-sat,20270111,2,t-sat
feed_shizuokacity_ryougouchi_20260401_20260630200904,feed_shizuokacity_ryougouchi_20260401_20260630200904,feed_shizuokacity_ryougouchi_20260401_20260630200904_t-sat,20270211,2,t-sat
feed_shizuokacity_ryougouchi_20260401_20260630200904,feed_shizuokacity_ryougouchi_20260401_20260630200904,feed_shizuokacity_ryougouchi_20260401_20260630200904_t-sat,20270223,2,t-sat
feed_shizuokacity_ryougouchi_20260401_20260630200904,feed_shizuokacity_ryougouchi_20260401_20260630200904,feed_shizuokacity_ryougouchi_20260401_20260630200904_t-sat,20270321,2,t-sat
feed_shizuokacity_ryougouchi_20260401_20260630200904,feed_shizuokacity_ryougouchi_20260401_20260630200904,feed_shizuokacity_ryougouchi_20260401_20260630200904_t-sat,20270322,2,t-sat
feed_shizuokacity_ryougouchi_20260401_20260630200904,feed_shizuokacity_ryougouchi_20260401_20260630200904,feed_shizuokacity_ryougouchi_20260401_20260630200904_t-sat,20270429,2,t-sat
feed_shizuokacity_ryougouchi_20260401_20260630200904,feed_shizuokacity_ryougouchi_20260401_20260630200904,feed_shizuokacity_ryougouchi_20260401_20260630200904_t-sat,20270503,2,t-sat
feed_shizuokacity_ryougouchi_20260401_20260630200904,feed_shizuokacity_ryougouchi_20260401_20260630200904,feed_shizuokacity_ryougouchi_20260401_20260630200904_t-sat,20270504,2,t-sat
feed_shizuokacity_ryougouchi_20260401_20260630200904,feed_shizuokacity_ryougouchi_20260401_20260630200904,feed_shizuokacity_ryougouchi_20260401_20260630200904_t-sat,20270505,2,t-sat
feed_shizuokacity_yui_kanbara_20260401_20260630200146,feed_shizuokacity_yui-kanbara_20260401_20260630200146,feed_shizuokacity_yui_kanbara_20260401_20260630200146_b-weekday,20260429,2,b-weekday
feed_shizuokacity_yui_kanbara_20260401_20260630200146,feed_shizuokacity_yui-kanbara_20260401_20260630200146,feed_shizuokacity_yui_kanbara_20260401_20260630200146_b-weekday,20260503,2,b-weekday
feed_shizuokacity_yui_kanbara_20260401_20260630200146,feed_shizuokacity_yui-kanbara_20260401_20260630200146,feed_shizuokacity_yui_kanbara_20260401_20260630200146_b-weekday,20260504,2,b-weekday
feed_shizuokacity_yui_kanbara_20260401_20260630200146,feed_shizuokacity_yui-kanbara_20260401_20260630200146,feed_shizuokacity_yui_kanbara_20260401_20260630200146_b-weekday,20260505,2,b-weekday
feed_shizuokacity_yui_kanbara_20260401_20260630200146,feed_shizuokacity_yui-kanbara_20260401_20260630200146,feed_shizuokacity_yui_kanbara_20260401_20260630200146_b-weekday,20260506,2,b-weekday
feed_shizuokacity_yui_kanbara_20260401_20260630200146,feed_shizuokacity_yui-kanbara_20260401_20260630200146,feed_shizuokacity_yui_kanbara_20260401_20260630200146_b-weekday,20260720,2,b-weekday
feed_shizuokacity_yui_kanbara_20260401_20260630200146,feed_shizuokacity_yui-kanbara_20260401_20260630200146,feed_shizuokacity_yui_kanbara_20260401_20260630200146_b-weekday,20260811,2,b-weekday
feed_shizuokacity_yui_kanbara_20260401_20260630200146,feed_shizuokacity_yui-kanbara_20260401_20260630200146,feed_shizuokacity_yui_kanbara_20260401_20260630200146_b-weekday,20260921,2,b-weekday
feed_shizuokacity_yui_kanbara_20260401_20260630200146,feed_shizuokacity_yui-kanbara_20260401_20260630200146,feed_shizuokacity_yui_kanbara_20260401_20260630200146_b-weekday,20260922,2,b-weekday
feed_shizuokacity_yui_kanbara_20260401_20260630200146,feed_shizuokacity_yui-kanbara_20260401_20260630200146,feed_shizuokacity_yui_kanbara_20260401_20260630200146_b-weekday,20260923,2,b-weekday
feed_shizuokacity_yui_kanbara_20260401_20260630200146,feed_shizuokacity_yui-kanbara_20260401_20260630200146,feed_shizuokacity_yui_kanbara_20260401_20260630200146_b-weekday,20261012,2,b-weekday
feed_shizuokacity_yui_kanbara_20260401_20260630200146,feed_shizuokacity_yui-kanbara_20260401_20260630200146,feed_shizuokacity_yui_kanbara_20260401_20260630200146_b-weekday,20261103,2,b-weekday
feed_shizuokacity_yui_kanbara_20260401_20260630200146,feed_shizuokacity_yui-kanbara_20260401_20260630200146,feed_shizuokacity_yui_kanbara_20260401_20260630200146_b-weekday,20261123,2,b-weekday
feed_shizuokacity_yui_kanbara_20260401_20260630200146,feed_shizuokacity_yui-kanbara_20260401_20260630200146,feed_shizuokacity_yui_kanbara_20260401_20260630200146_b-weekday,20261229,2,b-weekday
feed_shizuokacity_yui_kanbara_20260401_20260630200146,feed_shizuokacity_yui-kanbara_20260401_20260630200146,feed_shizuokacity_yui_kanbara_20260401_20260630200146_b-weekday,20261230,2,b-weekday
feed_shizuokacity_yui_kanbara_20260401_20260630200146,feed_shizuokacity_yui-kanbara_20260401_20260630200146,feed_shizuokacity_yui_kanbara_20260401_20260630200146_b-weekday,20261231,2,b-weekday
feed_shizuokacity_yui_kanbara_20260401_20260630200146,feed_shizuokacity_yui-kanbara_20260401_20260630200146,feed_shizuokacity_yui_kanbara_20260401_20260630200146_b-weekday,20270101,2,b-weekday
feed_shizuokacity_yui_kanbara_20260401_20260630200146,feed_shizuokacity_yui-kanbara_20260401_20260630200146,feed_shizuokacity_yui_kanbara_20260401_20260630200146_b-weekday,20270102,2,b-weekday
feed_shizuokacity_yui_kanbara_20260401_20260630200146,feed_shizuokacity_yui-kanbara_20260401_20260630200146,feed_shizuokacity_yui_kanbara_20260401_20260630200146_b-weekday,20270103,2,b-weekday
feed_shizuokacity_yui_kanbara_20260401_20260630200146,feed_shizuokacity_yui-kanbara_20260401_20260630200146,feed_shizuokacity_yui_kanbara_20260401_20260630200146_b-weekday,20270111,2,b-weekday
feed_shizuokacity_yui_kanbara_20260401_20260630200146,feed_shizuokacity_yui-kanbara_20260401_20260630200146,feed_shizuokacity_yui_kanbara_20260401_20260630200146_b-weekday,20270211,2,b-weekday
feed_shizuokacity_yui_kanbara_20260401_20260630200146,feed_shizuokacity_yui-kanbara_20260401_20260630200146,feed_shizuokacity_yui_kanbara_20260401_20260630200146_b-weekday,20270223,2,b-weekday
feed_shizuokacity_yui_kanbara_20260401_20260630200146,feed_shizuokacity_yui-kanbara_20260401_20260630200146,feed_shizuokacity_yui_kanbara_20260401_20260630200146_b-weekday,20270321,2,b-weekday
feed_shizuokacity_yui_kanbara_20260401_20260630200146,feed_shizuokacity_yui-kanbara_20260401_20260630200146,feed_shizuokacity_yui_kanbara_20260401_20260630200146_b-weekday,20270322,2,b-weekday
feed_shizuokacity_yui_kanbara_20260401_20260630200146,feed_shizuokacity_yui-kanbara_20260401_20260630200146,feed_shizuokacity_yui_kanbara_20260401_20260630200146_b-weekday,20270429,2,b-weekday
feed_shizuokacity_yui_kanbara_20260401_20260630200146,feed_shizuokacity_yui-kanbara_20260401_20260630200146,feed_shizuokacity_yui_kanbara_20260401_20260630200146_b-weekday,20270503,2,b-weekday
feed_shizuokacity_yui_kanbara_20260401_20260630200146,feed_shizuokacity_yui-kanbara_20260401_20260630200146,feed_shizuokacity_yui_kanbara_20260401_20260630200146_b-weekday,20270504,2,b-weekday
feed_shizuokacity_yui_kanbara_20260401_20260630200146,feed_shizuokacity_yui-kanbara_20260401_20260630200146,feed_shizuokacity_yui_kanbara_20260401_20260630200146_b-weekday,20270505,2,b-weekday
feed_shizuokacity_yui_kanbara_20260401_20260630200146,feed_shizuokacity_yui-kanbara_20260401_20260630200146,feed_shizuokacity_yui_kanbara_20260401_20260630200146_b-weekend,20260429,1,b-weekend
feed_shizuokacity_yui_kanbara_20260401_20260630200146,feed_shizuokacity_yui-kanbara_20260401_20260630200146,feed_shizuokacity_yui_kanbara_20260401_20260630200146_b-weekend,20260503,1,b-weekend
feed_shizuokacity_yui_kanbara_20260401_20260630200146,feed_shizuokacity_yui-kanbara_20260401_20260630200146,feed_shizuokacity_yui_kanbara_20260401_20260630200146_b-weekend,20260504,1,b-weekend
feed_shizuokacity_yui_kanbara_20260401_20260630200146,feed_shizuokacity_yui-kanbara_20260401_20260630200146,feed_shizuokacity_yui_kanbara_20260401_20260630200146_b-weekend,20260505,1,b-weekend
feed_shizuokacity_yui_kanbara_20260401_20260630200146,feed_shizuokacity_yui-kanbara_20260401_20260630200146,feed_shizuokacity_yui_kanbara_20260401_20260630200146_b-weekend,20260506,1,b-weekend
feed_shizuokacity_yui_kanbara_20260401_20260630200146,feed_shizuokacity_yui-kanbara_20260401_20260630200146,feed_shizuokacity_yui_kanbara_20260401_20260630200146_b-weekend,20260720,1,b-weekend
feed_shizuokacity_yui_kanbara_20260401_20260630200146,feed_shizuokacity_yui-kanbara_20260401_20260630200146,feed_shizuokacity_yui_kanbara_20260401_20260630200146_b-weekend,20260811,1,b-weekend
feed_shizuokacity_yui_kanbara_20260401_20260630200146,feed_shizuokacity_yui-kanbara_20260401_20260630200146,feed_shizuokacity_yui_kanbara_20260401_20260630200146_b-weekend,20260921,1,b-weekend
feed_shizuokacity_yui_kanbara_20260401_20260630200146,feed_shizuokacity_yui-kanbara_20260401_20260630200146,feed_shizuokacity_yui_kanbara_20260401_20260630200146_b-weekend,20260922,1,b-weekend
feed_shizuokacity_yui_kanbara_20260401_20260630200146,feed_shizuokacity_yui-kanbara_20260401_20260630200146,feed_shizuokacity_yui_kanbara_20260401_20260630200146_b-weekend,20260923,1,b-weekend
feed_shizuokacity_yui_kanbara_20260401_20260630200146,feed_shizuokacity_yui-kanbara_20260401_20260630200146,feed_shizuokacity_yui_kanbara_20260401_20260630200146_b-weekend,20261012,1,b-weekend
feed_shizuokacity_yui_kanbara_20260401_20260630200146,feed_shizuokacity_yui-kanbara_20260401_20260630200146,feed_shizuokacity_yui_kanbara_20260401_20260630200146_b-weekend,20261103,1,b-weekend
feed_shizuokacity_yui_kanbara_20260401_20260630200146,feed_shizuokacity_yui-kanbara_20260401_20260630200146,feed_shizuokacity_yui_kanbara_20260401_20260630200146_b-weekend,20261123,1,b-weekend
feed_shizuokacity_yui_kanbara_20260401_20260630200146,feed_shizuokacity_yui-kanbara_20260401_20260630200146,feed_shizuokacity_yui_kanbara_20260401_20260630200146_b-weekend,20261229,1,b-weekend
feed_shizuokacity_yui_kanbara_20260401_20260630200146,feed_shizuokacity_yui-kanbara_20260401_20260630200146,feed_shizuokacity_yui_kanbara_20260401_20260630200146_b-weekend,20261230,2,b-weekend
feed_shizuokacity_yui_kanbara_20260401_20260630200146,feed_shizuokacity_yui-kanbara_20260401_20260630200146,feed_shizuokacity_yui_kanbara_20260401_20260630200146_b-weekend,20261231,2,b-weekend
feed_shizuokacity_yui_kanbara_20260401_20260630200146,feed_shizuokacity_yui-kanbara_20260401_20260630200146,feed_shizuokacity_yui_kanbara_20260401_20260630200146_b-weekend,20270101,2,b-weekend
feed_shizuokacity_yui_kanbara_20260401_20260630200146,feed_shizuokacity_yui-kanbara_20260401_20260630200146,feed_shizuokacity_yui_kanbara_20260401_20260630200146_b-weekend,20270102,2,b-weekend
feed_shizuokacity_yui_kanbara_20260401_20260630200146,feed_shizuokacity_yui-kanbara_20260401_20260630200146,feed_shizuokacity_yui_kanbara_20260401_20260630200146_b-weekend,20270103,2,b-weekend
feed_shizuokacity_yui_kanbara_20260401_20260630200146,feed_shizuokacity_yui-kanbara_20260401_20260630200146,feed_shizuokacity_yui_kanbara_20260401_20260630200146_b-weekend,20270111,2,b-weekend
feed_shizuokacity_yui_kanbara_20260401_20260630200146,feed_shizuokacity_yui-kanbara_20260401_20260630200146,feed_shizuokacity_yui_kanbara_20260401_20260630200146_b-weekend,20270211,1,b-weekend
feed_shizuokacity_yui_kanbara_20260401_20260630200146,feed_shizuokacity_yui-kanbara_20260401_20260630200146,feed_shizuokacity_yui_kanbara_20260401_20260630200146_b-weekend,20270223,1,b-weekend
feed_shizuokacity_yui_kanbara_20260401_20260630200146,feed_shizuokacity_yui-kanbara_20260401_20260630200146,feed_shizuokacity_yui_kanbara_20260401_20260630200146_b-weekend,20270321,1,b-weekend
feed_shizuokacity_yui_kanbara_20260401_20260630200146,feed_shizuokacity_yui-kanbara_20260401_20260630200146,feed_shizuokacity_yui_kanbara_20260401_20260630200146_b-weekend,20270322,1,b-weekend
feed_shizuokacity_yui_kanbara_20260401_20260630200146,feed_shizuokacity_yui-kanbara_20260401_20260630200146,feed_shizuokacity_yui_kanbara_20260401_20260630200146_b-weekend,20270429,1,b-weekend
feed_shizuokacity_yui_kanbara_20260401_20260630200146,feed_shizuokacity_yui-kanbara_20260401_20260630200146,feed_shizuokacity_yui_kanbara_20260401_20260630200146_b-weekend,20270503,1,b-weekend
feed_shizuokacity_yui_kanbara_20260401_20260630200146,feed_shizuokacity_yui-kanbara_20260401_20260630200146,feed_shizuokacity_yui_kanbara_20260401_20260630200146_b-weekend,20270504,1,b-weekend
feed_shizuokacity_yui_kanbara_20260401_20260630200146,feed_shizuokacity_yui-kanbara_20260401_20260630200146,feed_shizuokacity_yui_kanbara_20260401_20260630200146_b-weekend,20270505,1,b-weekend
feed_shizuokacity_yui_20260401_20260630174723,feed_shizuokacity_yui_20260401_20260630174723,feed_shizuokacity_yui_20260401_20260630174723_y-monwedfri,20260429,2,y-monwedfri
feed_shizuokacity_yui_20260401_20260630174723,feed_shizuokacity_yui_20260401_20260630174723,feed_shizuokacity_yui_20260401_20260630174723_y-monwedfri,20260503,2,y-monwedfri
feed_shizuokacity_yui_20260401_20260630174723,feed_shizuokacity_yui_20260401_20260630174723,feed_shizuokacity_yui_20260401_20260630174723_y-monwedfri,20260504,2,y-monwedfri
feed_shizuokacity_yui_20260401_20260630174723,feed_shizuokacity_yui_20260401_20260630174723,feed_shizuokacity_yui_20260401_20260630174723_y-monwedfri,20260505,2,y-monwedfri
feed_shizuokacity_yui_20260401_20260630174723,feed_shizuokacity_yui_20260401_20260630174723,feed_shizuokacity_yui_20260401_20260630174723_y-monwedfri,20260506,2,y-monwedfri
feed_shizuokacity_yui_20260401_20260630174723,feed_shizuokacity_yui_20260401_20260630174723,feed_shizuokacity_yui_20260401_20260630174723_y-monwedfri,20260720,2,y-monwedfri
feed_shizuokacity_yui_20260401_20260630174723,feed_shizuokacity_yui_20260401_20260630174723,feed_shizuokacity_yui_20260401_20260630174723_y-monwedfri,20260811,2,y-monwedfri
feed_shizuokacity_yui_20260401_20260630174723,feed_shizuokacity_yui_20260401_20260630174723,feed_shizuokacity_yui_20260401_20260630174723_y-monwedfri,20260921,2,y-monwedfri
feed_shizuokacity_yui_20260401_20260630174723,feed_shizuokacity_yui_20260401_20260630174723,feed_shizuokacity_yui_20260401_20260630174723_y-monwedfri,20260922,2,y-monwedfri
feed_shizuokacity_yui_20260401_20260630174723,feed_shizuokacity_yui_20260401_20260630174723,feed_shizuokacity_yui_20260401_20260630174723_y-monwedfri,20260923,2,y-monwedfri
feed_shizuokacity_yui_20260401_20260630174723,feed_shizuokacity_yui_20260401_20260630174723,feed_shizuokacity_yui_20260401_20260630174723_y-monwedfri,20261012,2,y-monwedfri
feed_shizuokacity_yui_20260401_20260630174723,feed_shizuokacity_yui_20260401_20260630174723,feed_shizuokacity_yui_20260401_20260630174723_y-monwedfri,20261103,2,y-monwedfri
feed_shizuokacity_yui_20260401_20260630174723,feed_shizuokacity_yui_20260401_20260630174723,feed_shizuokacity_yui_20260401_20260630174723_y-monwedfri,20261123,2,y-monwedfri
feed_shizuokacity_yui_20260401_20260630174723,feed_shizuokacity_yui_20260401_20260630174723,feed_shizuokacity_yui_20260401_20260630174723_y-monwedfri,20261229,2,y-monwedfri
feed_shizuokacity_yui_20260401_20260630174723,feed_shizuokacity_yui_20260401_20260630174723,feed_shizuokacity_yui_20260401_20260630174723_y-monwedfri,20261230,2,y-monwedfri
feed_shizuokacity_yui_20260401_20260630174723,feed_shizuokacity_yui_20260401_20260630174723,feed_shizuokacity_yui_20260401_20260630174723_y-monwedfri,20261231,2,y-monwedfri
feed_shizuokacity_yui_20260401_20260630174723,feed_shizuokacity_yui_20260401_20260630174723,feed_shizuokacity_yui_20260401_20260630174723_y-monwedfri,20270101,2,y-monwedfri
feed_shizuokacity_yui_20260401_20260630174723,feed_shizuokacity_yui_20260401_20260630174723,feed_shizuokacity_yui_20260401_20260630174723_y-monwedfri,20270102,2,y-monwedfri
feed_shizuokacity_yui_20260401_20260630174723,feed_shizuokacity_yui_20260401_20260630174723,feed_shizuokacity_yui_20260401_20260630174723_y-monwedfri,20270103,2,y-monwedfri
feed_shizuokacity_yui_20260401_20260630174723,feed_shizuokacity_yui_20260401_20260630174723,feed_shizuokacity_yui_20260401_20260630174723_y-monwedfri,20270111,2,y-monwedfri
feed_shizuokacity_yui_20260401_20260630174723,feed_shizuokacity_yui_20260401_20260630174723,feed_shizuokacity_yui_20260401_20260630174723_y-monwedfri,20270211,2,y-monwedfri
feed_shizuokacity_yui_20260401_20260630174723,feed_shizuokacity_yui_20260401_20260630174723,feed_shizuokacity_yui_20260401_20260630174723_y-monwedfri,20270223,2,y-monwedfri
feed_shizuokacity_yui_20260401_20260630174723,feed_shizuokacity_yui_20260401_20260630174723,feed_shizuokacity_yui_20260401_20260630174723_y-monwedfri,20270321,2,y-monwedfri
feed_shizuokacity_yui_20260401_20260630174723,feed_shizuokacity_yui_20260401_20260630174723,feed_shizuokacity_yui_20260401_20260630174723_y-monwedfri,20270322,2,y-monwedfri
feed_shizuokacity_yui_20260401_20260630174723,feed_shizuokacity_yui_20260401_20260630174723,feed_shizuokacity_yui_20260401_20260630174723_y-monwedfri,20270429,2,y-monwedfri
feed_shizuokacity_yui_20260401_20260630174723,feed_shizuokacity_yui_20260401_20260630174723,feed_shizuokacity_yui_20260401_20260630174723_y-monwedfri,20270503,2,y-monwedfri
feed_shizuokacity_yui_20260401_20260630174723,feed_shizuokacity_yui_20260401_20260630174723,feed_shizuokacity_yui_20260401_20260630174723_y-monwedfri,20270504,2,y-monwedfri
feed_shizuokacity_yui_20260401_20260630174723,feed_shizuokacity_yui_20260401_20260630174723,feed_shizuokacity_yui_20260401_20260630174723_y-monwedfri,20270505,2,y-monwedfri
feed_shizuokacity_yui_20260401_20260630174723,feed_shizuokacity_yui_20260401_20260630174723,feed_shizuokacity_yui_20260401_20260630174723_y-tuethu,20260429,2,y-tuethu
feed_shizuokacity_yui_20260401_20260630174723,feed_shizuokacity_yui_20260401_20260630174723,feed_shizuokacity_yui_20260401_20260630174723_y-tuethu,20260503,2,y-tuethu
feed_shizuokacity_yui_20260401_20260630174723,feed_shizuokacity_yui_20260401_20260630174723,feed_shizuokacity_yui_20260401_20260630174723_y-tuethu,20260504,2,y-tuethu
feed_shizuokacity_yui_20260401_20260630174723,feed_shizuokacity_yui_20260401_20260630174723,feed_shizuokacity_yui_20260401_20260630174723_y-tuethu,20260505,2,y-tuethu
feed_shizuokacity_yui_20260401_20260630174723,feed_shizuokacity_yui_20260401_20260630174723,feed_shizuokacity_yui_20260401_20260630174723_y-tuethu,20260506,2,y-tuethu
feed_shizuokacity_yui_20260401_20260630174723,feed_shizuokacity_yui_20260401_20260630174723,feed_shizuokacity_yui_20260401_20260630174723_y-tuethu,20260720,2,y-tuethu
feed_shizuokacity_yui_20260401_20260630174723,feed_shizuokacity_yui_20260401_20260630174723,feed_shizuokacity_yui_20260401_20260630174723_y-tuethu,20260811,2,y-tuethu
feed_shizuokacity_yui_20260401_20260630174723,feed_shizuokacity_yui_20260401_20260630174723,feed_shizuokacity_yui_20260401_20260630174723_y-tuethu,20260921,2,y-tuethu
feed_shizuokacity_yui_20260401_20260630174723,feed_shizuokacity_yui_20260401_20260630174723,feed_shizuokacity_yui_20260401_20260630174723_y-tuethu,20260922,2,y-tuethu
feed_shizuokacity_yui_20260401_20260630174723,feed_shizuokacity_yui_20260401_20260630174723,feed_shizuokacity_yui_20260401_20260630174723_y-tuethu,20260923,2,y-tuethu
feed_shizuokacity_yui_20260401_20260630174723,feed_shizuokacity_yui_20260401_20260630174723,feed_shizuokacity_yui_20260401_20260630174723_y-tuethu,20261012,2,y-tuethu
feed_shizuokacity_yui_20260401_20260630174723,feed_shizuokacity_yui_20260401_20260630174723,feed_shizuokacity_yui_20260401_20260630174723_y-tuethu,20261103,2,y-tuethu
feed_shizuokacity_yui_20260401_20260630174723,feed_shizuokacity_yui_20260401_20260630174723,feed_shizuokacity_yui_20260401_20260630174723_y-tuethu,20261123,2,y-tuethu
feed_shizuokacity_yui_20260401_20260630174723,feed_shizuokacity_yui_20260401_20260630174723,feed_shizuokacity_yui_20260401_20260630174723_y-tuethu,20261229,2,y-tuethu
feed_shizuokacity_yui_20260401_20260630174723,feed_shizuokacity_yui_20260401_20260630174723,feed_shizuokacity_yui_20260401_20260630174723_y-tuethu,20261230,2,y-tuethu
feed_shizuokacity_yui_20260401_20260630174723,feed_shizuokacity_yui_20260401_20260630174723,feed_shizuokacity_yui_20260401_20260630174723_y-tuethu,20261231,2,y-tuethu
feed_shizuokacity_yui_20260401_20260630174723,feed_shizuokacity_yui_20260401_20260630174723,feed_shizuokacity_yui_20260401_20260630174723_y-tuethu,20270101,2,y-tuethu
feed_shizuokacity_yui_20260401_20260630174723,feed_shizuokacity_yui_20260401_20260630174723,feed_shizuokacity_yui_20260401_20260630174723_y-tuethu,20270102,2,y-tuethu
feed_shizuokacity_yui_20260401_20260630174723,feed_shizuokacity_yui_20260401_20260630174723,feed_shizuokacity_yui_20260401_20260630174723_y-tuethu,20270103,2,y-tuethu
feed_shizuokacity_yui_20260401_20260630174723,feed_shizuokacity_yui_20260401_20260630174723,feed_shizuokacity_yui_20260401_20260630174723_y-tuethu,20270111,2,y-tuethu
feed_shizuokacity_yui_20260401_20260630174723,feed_shizuokacity_yui_20260401_20260630174723,feed_shizuokacity_yui_20260401_20260630174723_y-tuethu,20270211,2,y-tuethu
feed_shizuokacity_yui_20260401_20260630174723,feed_shizuokacity_yui_20260401_20260630174723,feed_shizuokacity_yui_20260401_20260630174723_y-tuethu,20270223,2,y-tuethu
feed_shizuokacity_yui_20260401_20260630174723,feed_shizuokacity_yui_20260401_20260630174723,feed_shizuokacity_yui_20260401_20260630174723_y-tuethu,20270321,2,y-tuethu
feed_shizuokacity_yui_20260401_20260630174723,feed_shizuokacity_yui_20260401_20260630174723,feed_shizuokacity_yui_20260401_20260630174723_y-tuethu,20270322,2,y-tuethu
feed_shizuokacity_yui_20260401_20260630174723,feed_shizuokacity_yui_20260401_20260630174723,feed_shizuokacity_yui_20260401_20260630174723_y-tuethu,20270429,2,y-tuethu
feed_shizuokacity_yui_20260401_20260630174723,feed_shizuokacity_yui_20260401_20260630174723,feed_shizuokacity_yui_20260401_20260630174723_y-tuethu,20270503,2,y-tuethu
feed_shizuokacity_yui_20260401_20260630174723,feed_shizuokacity_yui_20260401_20260630174723,feed_shizuokacity_yui_20260401_20260630174723_y-tuethu,20270504,2,y-tuethu
feed_shizuokacity_yui_20260401_20260630174723,feed_shizuokacity_yui_20260401_20260630174723,feed_shizuokacity_yui_20260401_20260630174723_y-tuethu,20270505,2,y-tuethu
