source_feed_id,source_feed_folder,route_id,service_id,trip_id,trip_headsign,direction_id,shape_id,original_route_id,original_service_id,original_trip_id,original_shape_id,wheelchair_accessible,bikes_allowed,jp_office_id
feed_shizuokacity_ikawa_20260401_20260630213838,feed_shizuokacity_ikawa_20260401_20260630213838,feed_shizuokacity_ikawa_20260401_20260630213838_i1,feed_shizuokacity_ikawa_20260401_20260630213838_i-weekday,feed_shizuokacity_ikawa_20260401_20260630213838_i1+1+i-weekday+1,渡船場行き,1,feed_shizuokacity_ikawa_20260401_20260630213838_SHP0001,i1,i-weekday,i1+1+i-weekday+1,SHP0001,,,
feed_shizuokacity_ikawa_20260401_20260630213838,feed_shizuokacity_ikawa_20260401_20260630213838,feed_shizuokacity_ikawa_20260401_20260630213838_i1,feed_shizuokacity_ikawa_20260401_20260630213838_i-weekday,feed_shizuokacity_ikawa_20260401_20260630213838_i1+1+i-weekday+2,小河内行き,1,feed_shizuokacity_ikawa_20260401_20260630213838_SHP0002,i1,i-weekday,i1+1+i-weekday+2,SHP0002,,,
feed_shizuokacity_ikawa_20260401_20260630213838,feed_shizuokacity_ikawa_20260401_20260630213838,feed_shizuokacity_ikawa_20260401_20260630213838_i1,feed_shizuokacity_ikawa_20260401_20260630213838_i-weekday,feed_shizuokacity_ikawa_20260401_20260630213838_i1+1+i-weekday+3,白樺荘行き,1,feed_shizuokacity_ikawa_20260401_20260630213838_SHP0003,i1,i-weekday,i1+1+i-weekday+3,SHP0003,,,
feed_shizuokacity_ikawa_20260401_20260630213838,feed_shizuokacity_ikawa_20260401_20260630213838,feed_shizuokacity_ikawa_20260401_20260630213838_i1,feed_shizuokacity_ikawa_20260401_20260630213838_i-weekday,feed_shizuokacity_ikawa_20260401_20260630213838_i1+1+i-weekday+4,小河内行き,1,feed_shizuokacity_ikawa_20260401_20260630213838_SHP0004,i1,i-weekday,i1+1+i-weekday+4,SHP0004,,,
feed_shizuokacity_ikawa_20260401_20260630213838,feed_shizuokacity_ikawa_20260401_20260630213838,feed_shizuokacity_ikawa_20260401_20260630213838_i1,feed_shizuokacity_ikawa_20260401_20260630213838_i-weekday,feed_shizuokacity_ikawa_20260401_20260630213838_i1+1+i-weekday+5,小河内行き,1,feed_shizuokacity_ikawa_20260401_20260630213838_SHP0005,i1,i-weekday,i1+1+i-weekday+5,SHP0005,,,
feed_shizuokacity_ikawa_20260401_20260630213838,feed_shizuokacity_ikawa_20260401_20260630213838,feed_shizuokacity_ikawa_20260401_20260630213838_i1,feed_shizuokacity_ikawa_20260401_20260630213838_i-weekday,feed_shizuokacity_ikawa_20260401_20260630213838_i1+1+i-weekday+6,小河内行き,1,feed_shizuokacity_ikawa_20260401_20260630213838_SHP0006,i1,i-weekday,i1+1+i-weekday+6,SHP0006,,,
feed_shizuokacity_ikawa_20260401_20260630213838,feed_shizuokacity_ikawa_20260401_20260630213838,feed_shizuokacity_ikawa_20260401_20260630213838_i1,feed_shizuokacity_ikawa_20260401_20260630213838_i-weekday,feed_shizuokacity_ikawa_20260401_20260630213838_i1+1+i-weekday+7,小河内行き,1,feed_shizuokacity_ikawa_20260401_20260630213838_SHP0007,i1,i-weekday,i1+1+i-weekday+7,SHP0007,,,
feed_shizuokacity_ikawa_20260401_20260630213838,feed_shizuokacity_ikawa_20260401_20260630213838,feed_shizuokacity_ikawa_20260401_20260630213838_i1,feed_shizuokacity_ikawa_20260401_20260630213838_i-weekend,feed_shizuokacity_ikawa_20260401_20260630213838_i1+1+i-weekend+8,小河内行き,1,feed_shizuokacity_ikawa_20260401_20260630213838_SHP0007,i1,i-weekend,i1+1+i-weekend+8,SHP0007,,,
feed_shizuokacity_ikawa_20260401_20260630213838,feed_shizuokacity_ikawa_20260401_20260630213838,feed_shizuokacity_ikawa_20260401_20260630213838_i1,feed_shizuokacity_ikawa_20260401_20260630213838_i-summer,feed_shizuokacity_ikawa_20260401_20260630213838_i1+1+i-summer+9,白樺荘行き,1,feed_shizuokacity_ikawa_20260401_20260630213838_SHP0008,i1,i-summer,i1+1+i-summer+9,SHP0008,,,
feed_shizuokacity_ikawa_20260401_20260630213838,feed_shizuokacity_ikawa_20260401_20260630213838,feed_shizuokacity_ikawa_20260401_20260630213838_i1,feed_shizuokacity_ikawa_20260401_20260630213838_i-weekend,feed_shizuokacity_ikawa_20260401_20260630213838_i1+1+i-weekend+10,中山行き,1,feed_shizuokacity_ikawa_20260401_20260630213838_SHP0009,i1,i-weekend,i1+1+i-weekend+10,SHP0009,,,
feed_shizuokacity_ikawa_20260401_20260630213838,feed_shizuokacity_ikawa_20260401_20260630213838,feed_shizuokacity_ikawa_20260401_20260630213838_i1,feed_shizuokacity_ikawa_20260401_20260630213838_i-summer,feed_shizuokacity_ikawa_20260401_20260630213838_i1+1+i-summer+11,渡船場行き,1,feed_shizuokacity_ikawa_20260401_20260630213838_SHP0010,i1,i-summer,i1+1+i-summer+11,SHP0010,,,
feed_shizuokacity_ikawa_20260401_20260630213838,feed_shizuokacity_ikawa_20260401_20260630213838,feed_shizuokacity_ikawa_20260401_20260630213838_i1,feed_shizuokacity_ikawa_20260401_20260630213838_i-weekend,feed_shizuokacity_ikawa_20260401_20260630213838_i1+1+i-weekend+12,南アルプスユネスコパーク井川ビジターセンター行き,1,feed_shizuokacity_ikawa_20260401_20260630213838_SHP0011,i1,i-weekend,i1+1+i-weekend+12,SHP0011,,,
feed_shizuokacity_ikawa_20260401_20260630213838,feed_shizuokacity_ikawa_20260401_20260630213838,feed_shizuokacity_ikawa_20260401_20260630213838_i1,feed_shizuokacity_ikawa_20260401_20260630213838_i-weekend,feed_shizuokacity_ikawa_20260401_20260630213838_i1+1+i-weekend+13,白樺荘行き,1,feed_shizuokacity_ikawa_20260401_20260630213838_SHP0003,i1,i-weekend,i1+1+i-weekend+13,SHP0003,,,
feed_shizuokacity_ikawa_20260401_20260630213838,feed_shizuokacity_ikawa_20260401_20260630213838,feed_shizuokacity_ikawa_20260401_20260630213838_i2,feed_shizuokacity_ikawa_20260401_20260630213838_i-weekday,feed_shizuokacity_ikawa_20260401_20260630213838_i2+0+i-weekday+1,西山平行き,0,feed_shizuokacity_ikawa_20260401_20260630213838_SHP0012,i2,i-weekday,i2+0+i-weekday+1,SHP0012,,,
feed_shizuokacity_ikawa_20260401_20260630213838,feed_shizuokacity_ikawa_20260401_20260630213838,feed_shizuokacity_ikawa_20260401_20260630213838_i2,feed_shizuokacity_ikawa_20260401_20260630213838_i-weekday,feed_shizuokacity_ikawa_20260401_20260630213838_i2+0+i-weekday+2,横沢行き,0,feed_shizuokacity_ikawa_20260401_20260630213838_SHP0013,i2,i-weekday,i2+0+i-weekday+2,SHP0013,,,
feed_shizuokacity_ikawa_20260401_20260630213838,feed_shizuokacity_ikawa_20260401_20260630213838,feed_shizuokacity_ikawa_20260401_20260630213838_i2,feed_shizuokacity_ikawa_20260401_20260630213838_i-weekday,feed_shizuokacity_ikawa_20260401_20260630213838_i2+0+i-weekday+3,井川駅前行き,0,feed_shizuokacity_ikawa_20260401_20260630213838_SHP0014,i2,i-weekday,i2+0+i-weekday+3,SHP0014,,,
feed_shizuokacity_ikawa_20260401_20260630213838,feed_shizuokacity_ikawa_20260401_20260630213838,feed_shizuokacity_ikawa_20260401_20260630213838_i2,feed_shizuokacity_ikawa_20260401_20260630213838_i-weekday,feed_shizuokacity_ikawa_20260401_20260630213838_i2+0+i-weekday+4,井川駅前行き,0,feed_shizuokacity_ikawa_20260401_20260630213838_SHP0014,i2,i-weekday,i2+0+i-weekday+4,SHP0014,,,
feed_shizuokacity_ikawa_20260401_20260630213838,feed_shizuokacity_ikawa_20260401_20260630213838,feed_shizuokacity_ikawa_20260401_20260630213838_i2,feed_shizuokacity_ikawa_20260401_20260630213838_i-weekday,feed_shizuokacity_ikawa_20260401_20260630213838_i2+0+i-weekday+5,横沢行き,0,feed_shizuokacity_ikawa_20260401_20260630213838_SHP0015,i2,i-weekday,i2+0+i-weekday+5,SHP0015,,,
feed_shizuokacity_ikawa_20260401_20260630213838,feed_shizuokacity_ikawa_20260401_20260630213838,feed_shizuokacity_ikawa_20260401_20260630213838_i2,feed_shizuokacity_ikawa_20260401_20260630213838_i-weekday,feed_shizuokacity_ikawa_20260401_20260630213838_i2+0+i-weekday+6,西山平行き,0,feed_shizuokacity_ikawa_20260401_20260630213838_SHP0016,i2,i-weekday,i2+0+i-weekday+6,SHP0016,,,
feed_shizuokacity_ikawa_20260401_20260630213838,feed_shizuokacity_ikawa_20260401_20260630213838,feed_shizuokacity_ikawa_20260401_20260630213838_i2,feed_shizuokacity_ikawa_20260401_20260630213838_i-weekend,feed_shizuokacity_ikawa_20260401_20260630213838_i2+0+i-weekend+7,横沢行き,0,feed_shizuokacity_ikawa_20260401_20260630213838_SHP0017,i2,i-weekend,i2+0+i-weekend+7,SHP0017,,,
feed_shizuokacity_ikawa_20260401_20260630213838,feed_shizuokacity_ikawa_20260401_20260630213838,feed_shizuokacity_ikawa_20260401_20260630213838_i2,feed_shizuokacity_ikawa_20260401_20260630213838_i-weekend,feed_shizuokacity_ikawa_20260401_20260630213838_i2+0+i-weekend+8,横沢行き,0,feed_shizuokacity_ikawa_20260401_20260630213838_SHP0018,i2,i-weekend,i2+0+i-weekend+8,SHP0018,,,
feed_shizuokacity_ikawa_20260401_20260630213838,feed_shizuokacity_ikawa_20260401_20260630213838,feed_shizuokacity_ikawa_20260401_20260630213838_i2,feed_shizuokacity_ikawa_20260401_20260630213838_i-summer,feed_shizuokacity_ikawa_20260401_20260630213838_i2+0+i-summer+9,井川駅前行き,0,feed_shizuokacity_ikawa_20260401_20260630213838_SHP0019,i2,i-summer,i2+0+i-summer+9,SHP0019,,,
feed_shizuokacity_ikawa_20260401_20260630213838,feed_shizuokacity_ikawa_20260401_20260630213838,feed_shizuokacity_ikawa_20260401_20260630213838_i2,feed_shizuokacity_ikawa_20260401_20260630213838_i-weekend,feed_shizuokacity_ikawa_20260401_20260630213838_i2+0+i-weekend+10,井川駅前行き,0,feed_shizuokacity_ikawa_20260401_20260630213838_SHP0020,i2,i-weekend,i2+0+i-weekend+10,SHP0020,,,
feed_shizuokacity_ikawa_20260401_20260630213838,feed_shizuokacity_ikawa_20260401_20260630213838,feed_shizuokacity_ikawa_20260401_20260630213838_i2,feed_shizuokacity_ikawa_20260401_20260630213838_i-summer,feed_shizuokacity_ikawa_20260401_20260630213838_i2+0+i-summer+11,井川駅前行き,0,feed_shizuokacity_ikawa_20260401_20260630213838_SHP0021,i2,i-summer,i2+0+i-summer+11,SHP0021,,,
feed_shizuokacity_ikawa_20260401_20260630213838,feed_shizuokacity_ikawa_20260401_20260630213838,feed_shizuokacity_ikawa_20260401_20260630213838_i2,feed_shizuokacity_ikawa_20260401_20260630213838_i-weekend,feed_shizuokacity_ikawa_20260401_20260630213838_i2+0+i-weekend+12,西山平行き,0,feed_shizuokacity_ikawa_20260401_20260630213838_SHP0022,i2,i-weekend,i2+0+i-weekend+12,SHP0022,,,
feed_shizuokacity_iryo_fukushi_20260401_20260630214444,feed_shizuokacity_iryo-fukushi_20260401_20260630214444,feed_shizuokacity_iryo_fukushi_20260401_20260630214444_f1,feed_shizuokacity_iryo_fukushi_20260401_20260630214444_f-weekday,feed_shizuokacity_iryo_fukushi_20260401_20260630214444_f1+1+f-weekday+1,県立総合病院前行き,1,feed_shizuokacity_iryo_fukushi_20260401_20260630214444_SHP0001,f1,f-weekday,f1+1+f-weekday+1,SHP0001,2,2,shizuokacity
feed_shizuokacity_iryo_fukushi_20260401_20260630214444,feed_shizuokacity_iryo-fukushi_20260401_20260630214444,feed_shizuokacity_iryo_fukushi_20260401_20260630214444_f1,feed_shizuokacity_iryo_fukushi_20260401_20260630214444_f-weekday,feed_shizuokacity_iryo_fukushi_20260401_20260630214444_f1+1+f-weekday+2,県立総合病院前行き,1,feed_shizuokacity_iryo_fukushi_20260401_20260630214444_SHP0001,f1,f-weekday,f1+1+f-weekday+2,SHP0001,2,2,shizuokacity
feed_shizuokacity_iryo_fukushi_20260401_20260630214444,feed_shizuokacity_iryo-fukushi_20260401_20260630214444,feed_shizuokacity_iryo_fukushi_20260401_20260630214444_f1,feed_shizuokacity_iryo_fukushi_20260401_20260630214444_f-weekday,feed_shizuokacity_iryo_fukushi_20260401_20260630214444_f1+1+f-weekday+3,県立総合病院前行き,1,feed_shizuokacity_iryo_fukushi_20260401_20260630214444_SHP0001,f1,f-weekday,f1+1+f-weekday+3,SHP0001,2,2,shizuokacity
feed_shizuokacity_iryo_fukushi_20260401_20260630214444,feed_shizuokacity_iryo-fukushi_20260401_20260630214444,feed_shizuokacity_iryo_fukushi_20260401_20260630214444_f1,feed_shizuokacity_iryo_fukushi_20260401_20260630214444_f-weekday,feed_shizuokacity_iryo_fukushi_20260401_20260630214444_f1+1+f-weekday+4,県立総合病院前行き,1,feed_shizuokacity_iryo_fukushi_20260401_20260630214444_SHP0001,f1,f-weekday,f1+1+f-weekday+4,SHP0001,2,2,shizuokacity
feed_shizuokacity_iryo_fukushi_20260401_20260630214444,feed_shizuokacity_iryo-fukushi_20260401_20260630214444,feed_shizuokacity_iryo_fukushi_20260401_20260630214444_f1,feed_shizuokacity_iryo_fukushi_20260401_20260630214444_f-weekday,feed_shizuokacity_iryo_fukushi_20260401_20260630214444_f1+1+f-weekday+5,県立総合病院前行き,1,feed_shizuokacity_iryo_fukushi_20260401_20260630214444_SHP0001,f1,f-weekday,f1+1+f-weekday+5,SHP0001,2,2,shizuokacity
feed_shizuokacity_iryo_fukushi_20260401_20260630214444,feed_shizuokacity_iryo-fukushi_20260401_20260630214444,feed_shizuokacity_iryo_fukushi_20260401_20260630214444_f1,feed_shizuokacity_iryo_fukushi_20260401_20260630214444_f-weekday,feed_shizuokacity_iryo_fukushi_20260401_20260630214444_f1+1+f-weekday+6,県立総合病院前行き,1,feed_shizuokacity_iryo_fukushi_20260401_20260630214444_SHP0001,f1,f-weekday,f1+1+f-weekday+6,SHP0001,2,2,shizuokacity
feed_shizuokacity_iryo_fukushi_20260401_20260630214444,feed_shizuokacity_iryo-fukushi_20260401_20260630214444,feed_shizuokacity_iryo_fukushi_20260401_20260630214444_f2,feed_shizuokacity_iryo_fukushi_20260401_20260630214444_f-weekday,feed_shizuokacity_iryo_fukushi_20260401_20260630214444_f2+0+f-weekday+1,静岡駅前行き,0,feed_shizuokacity_iryo_fukushi_20260401_20260630214444_SHP0002,f2,f-weekday,f2+0+f-weekday+1,SHP0002,2,2,shizuokacity
feed_shizuokacity_iryo_fukushi_20260401_20260630214444,feed_shizuokacity_iryo-fukushi_20260401_20260630214444,feed_shizuokacity_iryo_fukushi_20260401_20260630214444_f2,feed_shizuokacity_iryo_fukushi_20260401_20260630214444_f-weekday,feed_shizuokacity_iryo_fukushi_20260401_20260630214444_f2+0+f-weekday+2,静岡駅前行き,0,feed_shizuokacity_iryo_fukushi_20260401_20260630214444_SHP0002,f2,f-weekday,f2+0+f-weekday+2,SHP0002,2,2,shizuokacity
feed_shizuokacity_iryo_fukushi_20260401_20260630214444,feed_shizuokacity_iryo-fukushi_20260401_20260630214444,feed_shizuokacity_iryo_fukushi_20260401_20260630214444_f2,feed_shizuokacity_iryo_fukushi_20260401_20260630214444_f-weekday,feed_shizuokacity_iryo_fukushi_20260401_20260630214444_f2+0+f-weekday+3,静岡駅前行き,0,feed_shizuokacity_iryo_fukushi_20260401_20260630214444_SHP0002,f2,f-weekday,f2+0+f-weekday+3,SHP0002,2,2,shizuokacity
feed_shizuokacity_iryo_fukushi_20260401_20260630214444,feed_shizuokacity_iryo-fukushi_20260401_20260630214444,feed_shizuokacity_iryo_fukushi_20260401_20260630214444_f2,feed_shizuokacity_iryo_fukushi_20260401_20260630214444_f-weekday,feed_shizuokacity_iryo_fukushi_20260401_20260630214444_f2+0+f-weekday+4,静岡駅前行き,0,feed_shizuokacity_iryo_fukushi_20260401_20260630214444_SHP0002,f2,f-weekday,f2+0+f-weekday+4,SHP0002,2,2,shizuokacity
feed_shizuokacity_iryo_fukushi_20260401_20260630214444,feed_shizuokacity_iryo-fukushi_20260401_20260630214444,feed_shizuokacity_iryo_fukushi_20260401_20260630214444_f2,feed_shizuokacity_iryo_fukushi_20260401_20260630214444_f-weekday,feed_shizuokacity_iryo_fukushi_20260401_20260630214444_f2+0+f-weekday+5,静岡駅前行き,0,feed_shizuokacity_iryo_fukushi_20260401_20260630214444_SHP0002,f2,f-weekday,f2+0+f-weekday+5,SHP0002,2,2,shizuokacity
feed_shizuokacity_iryo_fukushi_20260401_20260630214444,feed_shizuokacity_iryo-fukushi_20260401_20260630214444,feed_shizuokacity_iryo_fukushi_20260401_20260630214444_f2,feed_shizuokacity_iryo_fukushi_20260401_20260630214444_f-weekday,feed_shizuokacity_iryo_fukushi_20260401_20260630214444_f2+0+f-weekday+6,静岡駅前行き,0,feed_shizuokacity_iryo_fukushi_20260401_20260630214444_SHP0002,f2,f-weekday,f2+0+f-weekday+6,SHP0002,2,2,shizuokacity
feed_shizuokacity_ryougouchi_20260401_20260630200904,feed_shizuokacity_ryougouchi_20260401_20260630200904,feed_shizuokacity_ryougouchi_20260401_20260630200904_t1,feed_shizuokacity_ryougouchi_20260401_20260630200904_t-weekday,feed_shizuokacity_ryougouchi_20260401_20260630200904_t1+1+t-weekday+1,和田島車庫行き,1,feed_shizuokacity_ryougouchi_20260401_20260630200904_SHP0001,t1,t-weekday,t1+1+t-weekday+1,SHP0001,,,
feed_shizuokacity_ryougouchi_20260401_20260630200904,feed_shizuokacity_ryougouchi_20260401_20260630200904,feed_shizuokacity_ryougouchi_20260401_20260630200904_t1,feed_shizuokacity_ryougouchi_20260401_20260630200904_t-weekday,feed_shizuokacity_ryougouchi_20260401_20260630200904_t1+1+t-weekday+2,和田島車庫行き,1,feed_shizuokacity_ryougouchi_20260401_20260630200904_SHP0001,t1,t-weekday,t1+1+t-weekday+2,SHP0001,,,
feed_shizuokacity_ryougouchi_20260401_20260630200904,feed_shizuokacity_ryougouchi_20260401_20260630200904,feed_shizuokacity_ryougouchi_20260401_20260630200904_t1,feed_shizuokacity_ryougouchi_20260401_20260630200904_t-weekday,feed_shizuokacity_ryougouchi_20260401_20260630200904_t1+1+t-weekday+3,和田島車庫行き,1,feed_shizuokacity_ryougouchi_20260401_20260630200904_SHP0001,t1,t-weekday,t1+1+t-weekday+3,SHP0001,,,
feed_shizuokacity_ryougouchi_20260401_20260630200904,feed_shizuokacity_ryougouchi_20260401_20260630200904,feed_shizuokacity_ryougouchi_20260401_20260630200904_t1,feed_shizuokacity_ryougouchi_20260401_20260630200904_t-weekday,feed_shizuokacity_ryougouchi_20260401_20260630200904_t1+1+t-weekday+4,和田島車庫行き,1,feed_shizuokacity_ryougouchi_20260401_20260630200904_SHP0001,t1,t-weekday,t1+1+t-weekday+4,SHP0001,,,
feed_shizuokacity_ryougouchi_20260401_20260630200904,feed_shizuokacity_ryougouchi_20260401_20260630200904,feed_shizuokacity_ryougouchi_20260401_20260630200904_t1,feed_shizuokacity_ryougouchi_20260401_20260630200904_t-weekday,feed_shizuokacity_ryougouchi_20260401_20260630200904_t1+1+t-weekday+5,和田島車庫行き,1,feed_shizuokacity_ryougouchi_20260401_20260630200904_SHP0001,t1,t-weekday,t1+1+t-weekday+5,SHP0001,,,
feed_shizuokacity_ryougouchi_20260401_20260630200904,feed_shizuokacity_ryougouchi_20260401_20260630200904,feed_shizuokacity_ryougouchi_20260401_20260630200904_t1,feed_shizuokacity_ryougouchi_20260401_20260630200904_t-weekday,feed_shizuokacity_ryougouchi_20260401_20260630200904_t1+1+t-weekday+6,和田島車庫行き,1,feed_shizuokacity_ryougouchi_20260401_20260630200904_SHP0001,t1,t-weekday,t1+1+t-weekday+6,SHP0001,,,
feed_shizuokacity_ryougouchi_20260401_20260630200904,feed_shizuokacity_ryougouchi_20260401_20260630200904,feed_shizuokacity_ryougouchi_20260401_20260630200904_t1,feed_shizuokacity_ryougouchi_20260401_20260630200904_t-weekday,feed_shizuokacity_ryougouchi_20260401_20260630200904_t1+1+t-weekday+7,和田島車庫行き,1,feed_shizuokacity_ryougouchi_20260401_20260630200904_SHP0001,t1,t-weekday,t1+1+t-weekday+7,SHP0001,,,
feed_shizuokacity_ryougouchi_20260401_20260630200904,feed_shizuokacity_ryougouchi_20260401_20260630200904,feed_shizuokacity_ryougouchi_20260401_20260630200904_t1,feed_shizuokacity_ryougouchi_20260401_20260630200904_t-weekday,feed_shizuokacity_ryougouchi_20260401_20260630200904_t1+1+t-weekday+8,和田島車庫行き,1,feed_shizuokacity_ryougouchi_20260401_20260630200904_SHP0001,t1,t-weekday,t1+1+t-weekday+8,SHP0001,,,
feed_shizuokacity_ryougouchi_20260401_20260630200904,feed_shizuokacity_ryougouchi_20260401_20260630200904,feed_shizuokacity_ryougouchi_20260401_20260630200904_t1,feed_shizuokacity_ryougouchi_20260401_20260630200904_t-weekday,feed_shizuokacity_ryougouchi_20260401_20260630200904_t1+1+t-weekday+9,和田島車庫行き,1,feed_shizuokacity_ryougouchi_20260401_20260630200904_SHP0001,t1,t-weekday,t1+1+t-weekday+9,SHP0001,,,
feed_shizuokacity_ryougouchi_20260401_20260630200904,feed_shizuokacity_ryougouchi_20260401_20260630200904,feed_shizuokacity_ryougouchi_20260401_20260630200904_t1,feed_shizuokacity_ryougouchi_20260401_20260630200904_t-weekday,feed_shizuokacity_ryougouchi_20260401_20260630200904_t1+1+t-weekday+10,和田島車庫行き,1,feed_shizuokacity_ryougouchi_20260401_20260630200904_SHP0001,t1,t-weekday,t1+1+t-weekday+10,SHP0001,,,
feed_shizuokacity_ryougouchi_20260401_20260630200904,feed_shizuokacity_ryougouchi_20260401_20260630200904,feed_shizuokacity_ryougouchi_20260401_20260630200904_t1,feed_shizuokacity_ryougouchi_20260401_20260630200904_t-weekday,feed_shizuokacity_ryougouchi_20260401_20260630200904_t1+1+t-weekday+11,和田島車庫行き,1,feed_shizuokacity_ryougouchi_20260401_20260630200904_SHP0001,t1,t-weekday,t1+1+t-weekday+11,SHP0001,,,
feed_shizuokacity_ryougouchi_20260401_20260630200904,feed_shizuokacity_ryougouchi_20260401_20260630200904,feed_shizuokacity_ryougouchi_20260401_20260630200904_t1,feed_shizuokacity_ryougouchi_20260401_20260630200904_t-weekday,feed_shizuokacity_ryougouchi_20260401_20260630200904_t1+1+t-weekday+12,和田島車庫行き,1,feed_shizuokacity_ryougouchi_20260401_20260630200904_SHP0001,t1,t-weekday,t1+1+t-weekday+12,SHP0001,,,
feed_shizuokacity_ryougouchi_20260401_20260630200904,feed_shizuokacity_ryougouchi_20260401_20260630200904,feed_shizuokacity_ryougouchi_20260401_20260630200904_t1,feed_shizuokacity_ryougouchi_20260401_20260630200904_t-weekday,feed_shizuokacity_ryougouchi_20260401_20260630200904_t1+1+t-weekday+13,和田島車庫行き,1,feed_shizuokacity_ryougouchi_20260401_20260630200904_SHP0001,t1,t-weekday,t1+1+t-weekday+13,SHP0001,,,
feed_shizuokacity_ryougouchi_20260401_20260630200904,feed_shizuokacity_ryougouchi_20260401_20260630200904,feed_shizuokacity_ryougouchi_20260401_20260630200904_t1,feed_shizuokacity_ryougouchi_20260401_20260630200904_t-weekday,feed_shizuokacity_ryougouchi_20260401_20260630200904_t1+1+t-weekday+14,和田島車庫行き,1,feed_shizuokacity_ryougouchi_20260401_20260630200904_SHP0001,t1,t-weekday,t1+1+t-weekday+14,SHP0001,,,
feed_shizuokacity_ryougouchi_20260401_20260630200904,feed_shizuokacity_ryougouchi_20260401_20260630200904,feed_shizuokacity_ryougouchi_20260401_20260630200904_t1,feed_shizuokacity_ryougouchi_20260401_20260630200904_t-weekday,feed_shizuokacity_ryougouchi_20260401_20260630200904_t1+1+t-weekday+15,和田島車庫行き,1,feed_shizuokacity_ryougouchi_20260401_20260630200904_SHP0001,t1,t-weekday,t1+1+t-weekday+15,SHP0001,,,
feed_shizuokacity_ryougouchi_20260401_20260630200904,feed_shizuokacity_ryougouchi_20260401_20260630200904,feed_shizuokacity_ryougouchi_20260401_20260630200904_t1,feed_shizuokacity_ryougouchi_20260401_20260630200904_t-weekday,feed_shizuokacity_ryougouchi_20260401_20260630200904_t1+1+t-weekday+16,和田島車庫行き,1,feed_shizuokacity_ryougouchi_20260401_20260630200904_SHP0001,t1,t-weekday,t1+1+t-weekday+16,SHP0001,,,
feed_shizuokacity_ryougouchi_20260401_20260630200904,feed_shizuokacity_ryougouchi_20260401_20260630200904,feed_shizuokacity_ryougouchi_20260401_20260630200904_t1,feed_shizuokacity_ryougouchi_20260401_20260630200904_t-sat,feed_shizuokacity_ryougouchi_20260401_20260630200904_t1+1+t-sat+17,和田島車庫行き,1,feed_shizuokacity_ryougouchi_20260401_20260630200904_SHP0001,t1,t-sat,t1+1+t-sat+17,SHP0001,,,
feed_shizuokacity_ryougouchi_20260401_20260630200904,feed_shizuokacity_ryougouchi_20260401_20260630200904,feed_shizuokacity_ryougouchi_20260401_20260630200904_t1,feed_shizuokacity_ryougouchi_20260401_20260630200904_t-sat,feed_shizuokacity_ryougouchi_20260401_20260630200904_t1+1+t-sat+18,和田島車庫行き,1,feed_shizuokacity_ryougouchi_20260401_20260630200904_SHP0001,t1,t-sat,t1+1+t-sat+18,SHP0001,,,
feed_shizuokacity_ryougouchi_20260401_20260630200904,feed_shizuokacity_ryougouchi_20260401_20260630200904,feed_shizuokacity_ryougouchi_20260401_20260630200904_t1,feed_shizuokacity_ryougouchi_20260401_20260630200904_t-sat,feed_shizuokacity_ryougouchi_20260401_20260630200904_t1+1+t-sat+19,和田島車庫行き,1,feed_shizuokacity_ryougouchi_20260401_20260630200904_SHP0001,t1,t-sat,t1+1+t-sat+19,SHP0001,,,
feed_shizuokacity_ryougouchi_20260401_20260630200904,feed_shizuokacity_ryougouchi_20260401_20260630200904,feed_shizuokacity_ryougouchi_20260401_20260630200904_t1,feed_shizuokacity_ryougouchi_20260401_20260630200904_t-sat,feed_shizuokacity_ryougouchi_20260401_20260630200904_t1+1+t-sat+20,和田島車庫行き,1,feed_shizuokacity_ryougouchi_20260401_20260630200904_SHP0001,t1,t-sat,t1+1+t-sat+20,SHP0001,,,
feed_shizuokacity_ryougouchi_20260401_20260630200904,feed_shizuokacity_ryougouchi_20260401_20260630200904,feed_shizuokacity_ryougouchi_20260401_20260630200904_t1,feed_shizuokacity_ryougouchi_20260401_20260630200904_t-sat,feed_shizuokacity_ryougouchi_20260401_20260630200904_t1+1+t-sat+21,和田島車庫行き,1,feed_shizuokacity_ryougouchi_20260401_20260630200904_SHP0001,t1,t-sat,t1+1+t-sat+21,SHP0001,,,
feed_shizuokacity_ryougouchi_20260401_20260630200904,feed_shizuokacity_ryougouchi_20260401_20260630200904,feed_shizuokacity_ryougouchi_20260401_20260630200904_t1,feed_shizuokacity_ryougouchi_20260401_20260630200904_t-sat,feed_shizuokacity_ryougouchi_20260401_20260630200904_t1+1+t-sat+22,和田島車庫行き,1,feed_shizuokacity_ryougouchi_20260401_20260630200904_SHP0001,t1,t-sat,t1+1+t-sat+22,SHP0001,,,
feed_shizuokacity_ryougouchi_20260401_20260630200904,feed_shizuokacity_ryougouchi_20260401_20260630200904,feed_shizuokacity_ryougouchi_20260401_20260630200904_t1,feed_shizuokacity_ryougouchi_20260401_20260630200904_t-sat,feed_shizuokacity_ryougouchi_20260401_20260630200904_t1+1+t-sat+23,和田島車庫行き,1,feed_shizuokacity_ryougouchi_20260401_20260630200904_SHP0001,t1,t-sat,t1+1+t-sat+23,SHP0001,,,
feed_shizuokacity_ryougouchi_20260401_20260630200904,feed_shizuokacity_ryougouchi_20260401_20260630200904,feed_shizuokacity_ryougouchi_20260401_20260630200904_t1,feed_shizuokacity_ryougouchi_20260401_20260630200904_t-sat,feed_shizuokacity_ryougouchi_20260401_20260630200904_t1+1+t-sat+24,和田島車庫行き,1,feed_shizuokacity_ryougouchi_20260401_20260630200904_SHP0001,t1,t-sat,t1+1+t-sat+24,SHP0001,,,
feed_shizuokacity_ryougouchi_20260401_20260630200904,feed_shizuokacity_ryougouchi_20260401_20260630200904,feed_shizuokacity_ryougouchi_20260401_20260630200904_t1,feed_shizuokacity_ryougouchi_20260401_20260630200904_t-sat,feed_shizuokacity_ryougouchi_20260401_20260630200904_t1+1+t-sat+25,和田島車庫行き,1,feed_shizuokacity_ryougouchi_20260401_20260630200904_SHP0001,t1,t-sat,t1+1+t-sat+25,SHP0001,,,
feed_shizuokacity_ryougouchi_20260401_20260630200904,feed_shizuokacity_ryougouchi_20260401_20260630200904,feed_shizuokacity_ryougouchi_20260401_20260630200904_t1,feed_shizuokacity_ryougouchi_20260401_20260630200904_t-sat,feed_shizuokacity_ryougouchi_20260401_20260630200904_t1+1+t-sat+26,和田島車庫行き,1,feed_shizuokacity_ryougouchi_20260401_20260630200904_SHP0001,t1,t-sat,t1+1+t-sat+26,SHP0001,,,
feed_shizuokacity_ryougouchi_20260401_20260630200904,feed_shizuokacity_ryougouchi_20260401_20260630200904,feed_shizuokacity_ryougouchi_20260401_20260630200904_t1,feed_shizuokacity_ryougouchi_20260401_20260630200904_t-sat,feed_shizuokacity_ryougouchi_20260401_20260630200904_t1+1+t-sat+27,和田島車庫行き,1,feed_shizuokacity_ryougouchi_20260401_20260630200904_SHP0001,t1,t-sat,t1+1+t-sat+27,SHP0001,,,
feed_shizuokacity_ryougouchi_20260401_20260630200904,feed_shizuokacity_ryougouchi_20260401_20260630200904,feed_shizuokacity_ryougouchi_20260401_20260630200904_t1,feed_shizuokacity_ryougouchi_20260401_20260630200904_t-sat,feed_shizuokacity_ryougouchi_20260401_20260630200904_t1+1+t-sat+28,和田島車庫行き,1,feed_shizuokacity_ryougouchi_20260401_20260630200904_SHP0001,t1,t-sat,t1+1+t-sat+28,SHP0001,,,
feed_shizuokacity_ryougouchi_20260401_20260630200904,feed_shizuokacity_ryougouchi_20260401_20260630200904,feed_shizuokacity_ryougouchi_20260401_20260630200904_t1,feed_shizuokacity_ryougouchi_20260401_20260630200904_t-weekday,feed_shizuokacity_ryougouchi_20260401_20260630200904_t1+0+t-weekday+1,但沼車庫行き,0,feed_shizuokacity_ryougouchi_20260401_20260630200904_SHP0002,t1,t-weekday,t1+0+t-weekday+1,SHP0002,,,
feed_shizuokacity_ryougouchi_20260401_20260630200904,feed_shizuokacity_ryougouchi_20260401_20260630200904,feed_shizuokacity_ryougouchi_20260401_20260630200904_t1,feed_shizuokacity_ryougouchi_20260401_20260630200904_t-weekday,feed_shizuokacity_ryougouchi_20260401_20260630200904_t1+0+t-weekday+2,但沼車庫行き,0,feed_shizuokacity_ryougouchi_20260401_20260630200904_SHP0002,t1,t-weekday,t1+0+t-weekday+2,SHP0002,,,
feed_shizuokacity_ryougouchi_20260401_20260630200904,feed_shizuokacity_ryougouchi_20260401_20260630200904,feed_shizuokacity_ryougouchi_20260401_20260630200904_t1,feed_shizuokacity_ryougouchi_20260401_20260630200904_t-weekday,feed_shizuokacity_ryougouchi_20260401_20260630200904_t1+0+t-weekday+3,但沼車庫行き,0,feed_shizuokacity_ryougouchi_20260401_20260630200904_SHP0002,t1,t-weekday,t1+0+t-weekday+3,SHP0002,,,
feed_shizuokacity_ryougouchi_20260401_20260630200904,feed_shizuokacity_ryougouchi_20260401_20260630200904,feed_shizuokacity_ryougouchi_20260401_20260630200904_t1,feed_shizuokacity_ryougouchi_20260401_20260630200904_t-weekday,feed_shizuokacity_ryougouchi_20260401_20260630200904_t1+0+t-weekday+4,但沼車庫行き,0,feed_shizuokacity_ryougouchi_20260401_20260630200904_SHP0002,t1,t-weekday,t1+0+t-weekday+4,SHP0002,,,
feed_shizuokacity_ryougouchi_20260401_20260630200904,feed_shizuokacity_ryougouchi_20260401_20260630200904,feed_shizuokacity_ryougouchi_20260401_20260630200904_t1,feed_shizuokacity_ryougouchi_20260401_20260630200904_t-weekday,feed_shizuokacity_ryougouchi_20260401_20260630200904_t1+0+t-weekday+5,但沼車庫行き,0,feed_shizuokacity_ryougouchi_20260401_20260630200904_SHP0002,t1,t-weekday,t1+0+t-weekday+5,SHP0002,,,
feed_shizuokacity_ryougouchi_20260401_20260630200904,feed_shizuokacity_ryougouchi_20260401_20260630200904,feed_shizuokacity_ryougouchi_20260401_20260630200904_t1,feed_shizuokacity_ryougouchi_20260401_20260630200904_t-weekday,feed_shizuokacity_ryougouchi_20260401_20260630200904_t1+0+t-weekday+6,但沼車庫行き,0,feed_shizuokacity_ryougouchi_20260401_20260630200904_SHP0002,t1,t-weekday,t1+0+t-weekday+6,SHP0002,,,
feed_shizuokacity_ryougouchi_20260401_20260630200904,feed_shizuokacity_ryougouchi_20260401_20260630200904,feed_shizuokacity_ryougouchi_20260401_20260630200904_t1,feed_shizuokacity_ryougouchi_20260401_20260630200904_t-weekday,feed_shizuokacity_ryougouchi_20260401_20260630200904_t1+0+t-weekday+7,但沼車庫行き,0,feed_shizuokacity_ryougouchi_20260401_20260630200904_SHP0002,t1,t-weekday,t1+0+t-weekday+7,SHP0002,,,
feed_shizuokacity_ryougouchi_20260401_20260630200904,feed_shizuokacity_ryougouchi_20260401_20260630200904,feed_shizuokacity_ryougouchi_20260401_20260630200904_t1,feed_shizuokacity_ryougouchi_20260401_20260630200904_t-weekday,feed_shizuokacity_ryougouchi_20260401_20260630200904_t1+0+t-weekday+8,但沼車庫行き,0,feed_shizuokacity_ryougouchi_20260401_20260630200904_SHP0002,t1,t-weekday,t1+0+t-weekday+8,SHP0002,,,
feed_shizuokacity_ryougouchi_20260401_20260630200904,feed_shizuokacity_ryougouchi_20260401_20260630200904,feed_shizuokacity_ryougouchi_20260401_20260630200904_t1,feed_shizuokacity_ryougouchi_20260401_20260630200904_t-weekday,feed_shizuokacity_ryougouchi_20260401_20260630200904_t1+0+t-weekday+9,但沼車庫行き,0,feed_shizuokacity_ryougouchi_20260401_20260630200904_SHP0002,t1,t-weekday,t1+0+t-weekday+9,SHP0002,,,
feed_shizuokacity_ryougouchi_20260401_20260630200904,feed_shizuokacity_ryougouchi_20260401_20260630200904,feed_shizuokacity_ryougouchi_20260401_20260630200904_t1,feed_shizuokacity_ryougouchi_20260401_20260630200904_t-weekday,feed_shizuokacity_ryougouchi_20260401_20260630200904_t1+0+t-weekday+10,但沼車庫行き,0,feed_shizuokacity_ryougouchi_20260401_20260630200904_SHP0002,t1,t-weekday,t1+0+t-weekday+10,SHP0002,,,
feed_shizuokacity_ryougouchi_20260401_20260630200904,feed_shizuokacity_ryougouchi_20260401_20260630200904,feed_shizuokacity_ryougouchi_20260401_20260630200904_t1,feed_shizuokacity_ryougouchi_20260401_20260630200904_t-weekday,feed_shizuokacity_ryougouchi_20260401_20260630200904_t1+0+t-weekday+11,但沼車庫行き,0,feed_shizuokacity_ryougouchi_20260401_20260630200904_SHP0002,t1,t-weekday,t1+0+t-weekday+11,SHP0002,,,
feed_shizuokacity_ryougouchi_20260401_20260630200904,feed_shizuokacity_ryougouchi_20260401_20260630200904,feed_shizuokacity_ryougouchi_20260401_20260630200904_t1,feed_shizuokacity_ryougouchi_20260401_20260630200904_t-weekday,feed_shizuokacity_ryougouchi_20260401_20260630200904_t1+0+t-weekday+12,但沼車庫行き,0,feed_shizuokacity_ryougouchi_20260401_20260630200904_SHP0002,t1,t-weekday,t1+0+t-weekday+12,SHP0002,,,
feed_shizuokacity_ryougouchi_20260401_20260630200904,feed_shizuokacity_ryougouchi_20260401_20260630200904,feed_shizuokacity_ryougouchi_20260401_20260630200904_t1,feed_shizuokacity_ryougouchi_20260401_20260630200904_t-weekday,feed_shizuokacity_ryougouchi_20260401_20260630200904_t1+0+t-weekday+13,但沼車庫行き,0,feed_shizuokacity_ryougouchi_20260401_20260630200904_SHP0002,t1,t-weekday,t1+0+t-weekday+13,SHP0002,,,
feed_shizuokacity_ryougouchi_20260401_20260630200904,feed_shizuokacity_ryougouchi_20260401_20260630200904,feed_shizuokacity_ryougouchi_20260401_20260630200904_t1,feed_shizuokacity_ryougouchi_20260401_20260630200904_t-weekday,feed_shizuokacity_ryougouchi_20260401_20260630200904_t1+0+t-weekday+14,但沼車庫行き,0,feed_shizuokacity_ryougouchi_20260401_20260630200904_SHP0002,t1,t-weekday,t1+0+t-weekday+14,SHP0002,,,
feed_shizuokacity_ryougouchi_20260401_20260630200904,feed_shizuokacity_ryougouchi_20260401_20260630200904,feed_shizuokacity_ryougouchi_20260401_20260630200904_t1,feed_shizuokacity_ryougouchi_20260401_20260630200904_t-weekday,feed_shizuokacity_ryougouchi_20260401_20260630200904_t1+0+t-weekday+15,但沼車庫行き,0,feed_shizuokacity_ryougouchi_20260401_20260630200904_SHP0002,t1,t-weekday,t1+0+t-weekday+15,SHP0002,,,
feed_shizuokacity_ryougouchi_20260401_20260630200904,feed_shizuokacity_ryougouchi_20260401_20260630200904,feed_shizuokacity_ryougouchi_20260401_20260630200904_t1,feed_shizuokacity_ryougouchi_20260401_20260630200904_t-weekday,feed_shizuokacity_ryougouchi_20260401_20260630200904_t1+0+t-weekday+16,但沼車庫行き,0,feed_shizuokacity_ryougouchi_20260401_20260630200904_SHP0002,t1,t-weekday,t1+0+t-weekday+16,SHP0002,,,
feed_shizuokacity_ryougouchi_20260401_20260630200904,feed_shizuokacity_ryougouchi_20260401_20260630200904,feed_shizuokacity_ryougouchi_20260401_20260630200904_t1,feed_shizuokacity_ryougouchi_20260401_20260630200904_t-weekday,feed_shizuokacity_ryougouchi_20260401_20260630200904_t1+0+t-weekday+17,但沼車庫行き,0,feed_shizuokacity_ryougouchi_20260401_20260630200904_SHP0002,t1,t-weekday,t1+0+t-weekday+17,SHP0002,,,
feed_shizuokacity_ryougouchi_20260401_20260630200904,feed_shizuokacity_ryougouchi_20260401_20260630200904,feed_shizuokacity_ryougouchi_20260401_20260630200904_t1,feed_shizuokacity_ryougouchi_20260401_20260630200904_t-sat,feed_shizuokacity_ryougouchi_20260401_20260630200904_t1+0+t-sat+18,但沼車庫行き,0,feed_shizuokacity_ryougouchi_20260401_20260630200904_SHP0002,t1,t-sat,t1+0+t-sat+18,SHP0002,,,
feed_shizuokacity_ryougouchi_20260401_20260630200904,feed_shizuokacity_ryougouchi_20260401_20260630200904,feed_shizuokacity_ryougouchi_20260401_20260630200904_t1,feed_shizuokacity_ryougouchi_20260401_20260630200904_t-sat,feed_shizuokacity_ryougouchi_20260401_20260630200904_t1+0+t-sat+19,但沼車庫行き,0,feed_shizuokacity_ryougouchi_20260401_20260630200904_SHP0002,t1,t-sat,t1+0+t-sat+19,SHP0002,,,
feed_shizuokacity_ryougouchi_20260401_20260630200904,feed_shizuokacity_ryougouchi_20260401_20260630200904,feed_shizuokacity_ryougouchi_20260401_20260630200904_t1,feed_shizuokacity_ryougouchi_20260401_20260630200904_t-sat,feed_shizuokacity_ryougouchi_20260401_20260630200904_t1+0+t-sat+20,但沼車庫行き,0,feed_shizuokacity_ryougouchi_20260401_20260630200904_SHP0002,t1,t-sat,t1+0+t-sat+20,SHP0002,,,
feed_shizuokacity_ryougouchi_20260401_20260630200904,feed_shizuokacity_ryougouchi_20260401_20260630200904,feed_shizuokacity_ryougouchi_20260401_20260630200904_t1,feed_shizuokacity_ryougouchi_20260401_20260630200904_t-sat,feed_shizuokacity_ryougouchi_20260401_20260630200904_t1+0+t-sat+21,但沼車庫行き,0,feed_shizuokacity_ryougouchi_20260401_20260630200904_SHP0002,t1,t-sat,t1+0+t-sat+21,SHP0002,,,
feed_shizuokacity_ryougouchi_20260401_20260630200904,feed_shizuokacity_ryougouchi_20260401_20260630200904,feed_shizuokacity_ryougouchi_20260401_20260630200904_t1,feed_shizuokacity_ryougouchi_20260401_20260630200904_t-sat,feed_shizuokacity_ryougouchi_20260401_20260630200904_t1+0+t-sat+22,但沼車庫行き,0,feed_shizuokacity_ryougouchi_20260401_20260630200904_SHP0002,t1,t-sat,t1+0+t-sat+22,SHP0002,,,
feed_shizuokacity_ryougouchi_20260401_20260630200904,feed_shizuokacity_ryougouchi_20260401_20260630200904,feed_shizuokacity_ryougouchi_20260401_20260630200904_t1,feed_shizuokacity_ryougouchi_20260401_20260630200904_t-sat,feed_shizuokacity_ryougouchi_20260401_20260630200904_t1+0+t-sat+23,但沼車庫行き,0,feed_shizuokacity_ryougouchi_20260401_20260630200904_SHP0002,t1,t-sat,t1+0+t-sat+23,SHP0002,,,
feed_shizuokacity_ryougouchi_20260401_20260630200904,feed_shizuokacity_ryougouchi_20260401_20260630200904,feed_shizuokacity_ryougouchi_20260401_20260630200904_t1,feed_shizuokacity_ryougouchi_20260401_20260630200904_t-sat,feed_shizuokacity_ryougouchi_20260401_20260630200904_t1+0+t-sat+24,但沼車庫行き,0,feed_shizuokacity_ryougouchi_20260401_20260630200904_SHP0002,t1,t-sat,t1+0+t-sat+24,SHP0002,,,
feed_shizuokacity_ryougouchi_20260401_20260630200904,feed_shizuokacity_ryougouchi_20260401_20260630200904,feed_shizuokacity_ryougouchi_20260401_20260630200904_t1,feed_shizuokacity_ryougouchi_20260401_20260630200904_t-sat,feed_shizuokacity_ryougouchi_20260401_20260630200904_t1+0+t-sat+25,但沼車庫行き,0,feed_shizuokacity_ryougouchi_20260401_20260630200904_SHP0002,t1,t-sat,t1+0+t-sat+25,SHP0002,,,
feed_shizuokacity_ryougouchi_20260401_20260630200904,feed_shizuokacity_ryougouchi_20260401_20260630200904,feed_shizuokacity_ryougouchi_20260401_20260630200904_t1,feed_shizuokacity_ryougouchi_20260401_20260630200904_t-sat,feed_shizuokacity_ryougouchi_20260401_20260630200904_t1+0+t-sat+26,但沼車庫行き,0,feed_shizuokacity_ryougouchi_20260401_20260630200904_SHP0002,t1,t-sat,t1+0+t-sat+26,SHP0002,,,
feed_shizuokacity_ryougouchi_20260401_20260630200904,feed_shizuokacity_ryougouchi_20260401_20260630200904,feed_shizuokacity_ryougouchi_20260401_20260630200904_t1,feed_shizuokacity_ryougouchi_20260401_20260630200904_t-sat,feed_shizuokacity_ryougouchi_20260401_20260630200904_t1+0+t-sat+27,但沼車庫行き,0,feed_shizuokacity_ryougouchi_20260401_20260630200904_SHP0002,t1,t-sat,t1+0+t-sat+27,SHP0002,,,
feed_shizuokacity_ryougouchi_20260401_20260630200904,feed_shizuokacity_ryougouchi_20260401_20260630200904,feed_shizuokacity_ryougouchi_20260401_20260630200904_t1,feed_shizuokacity_ryougouchi_20260401_20260630200904_t-sat,feed_shizuokacity_ryougouchi_20260401_20260630200904_t1+0+t-sat+28,但沼車庫行き,0,feed_shizuokacity_ryougouchi_20260401_20260630200904_SHP0002,t1,t-sat,t1+0+t-sat+28,SHP0002,,,
feed_shizuokacity_ryougouchi_20260401_20260630200904,feed_shizuokacity_ryougouchi_20260401_20260630200904,feed_shizuokacity_ryougouchi_20260401_20260630200904_t1,feed_shizuokacity_ryougouchi_20260401_20260630200904_t-sat,feed_shizuokacity_ryougouchi_20260401_20260630200904_t1+0+t-sat+29,但沼車庫行き,0,feed_shizuokacity_ryougouchi_20260401_20260630200904_SHP0002,t1,t-sat,t1+0+t-sat+29,SHP0002,,,
feed_shizuokacity_ryougouchi_20260401_20260630200904,feed_shizuokacity_ryougouchi_20260401_20260630200904,feed_shizuokacity_ryougouchi_20260401_20260630200904_t1,feed_shizuokacity_ryougouchi_20260401_20260630200904_t-sat,feed_shizuokacity_ryougouchi_20260401_20260630200904_t1+0+t-sat+30,但沼車庫行き,0,feed_shizuokacity_ryougouchi_20260401_20260630200904_SHP0002,t1,t-sat,t1+0+t-sat+30,SHP0002,,,
feed_shizuokacity_ryougouchi_20260401_20260630200904,feed_shizuokacity_ryougouchi_20260401_20260630200904,feed_shizuokacity_ryougouchi_20260401_20260630200904_o1,feed_shizuokacity_ryougouchi_20260401_20260630200904_t-weekday,feed_shizuokacity_ryougouchi_20260401_20260630200904_o1+1+t-weekday+1,大平行き,1,feed_shizuokacity_ryougouchi_20260401_20260630200904_SHP0003,o1,t-weekday,o1+1+t-weekday+1,SHP0003,,,
feed_shizuokacity_ryougouchi_20260401_20260630200904,feed_shizuokacity_ryougouchi_20260401_20260630200904,feed_shizuokacity_ryougouchi_20260401_20260630200904_o1,feed_shizuokacity_ryougouchi_20260401_20260630200904_t-weekday,feed_shizuokacity_ryougouchi_20260401_20260630200904_o1+1+t-weekday+2,大平行き,1,feed_shizuokacity_ryougouchi_20260401_20260630200904_SHP0003,o1,t-weekday,o1+1+t-weekday+2,SHP0003,,,
feed_shizuokacity_ryougouchi_20260401_20260630200904,feed_shizuokacity_ryougouchi_20260401_20260630200904,feed_shizuokacity_ryougouchi_20260401_20260630200904_o1,feed_shizuokacity_ryougouchi_20260401_20260630200904_t-weekday,feed_shizuokacity_ryougouchi_20260401_20260630200904_o1+1+t-weekday+3,大平行き,1,feed_shizuokacity_ryougouchi_20260401_20260630200904_SHP0003,o1,t-weekday,o1+1+t-weekday+3,SHP0003,,,
feed_shizuokacity_ryougouchi_20260401_20260630200904,feed_shizuokacity_ryougouchi_20260401_20260630200904,feed_shizuokacity_ryougouchi_20260401_20260630200904_o1,feed_shizuokacity_ryougouchi_20260401_20260630200904_t-weekday,feed_shizuokacity_ryougouchi_20260401_20260630200904_o1+1+t-weekday+4,大平行き,1,feed_shizuokacity_ryougouchi_20260401_20260630200904_SHP0003,o1,t-weekday,o1+1+t-weekday+4,SHP0003,,,
feed_shizuokacity_ryougouchi_20260401_20260630200904,feed_shizuokacity_ryougouchi_20260401_20260630200904,feed_shizuokacity_ryougouchi_20260401_20260630200904_o1,feed_shizuokacity_ryougouchi_20260401_20260630200904_t-weekday,feed_shizuokacity_ryougouchi_20260401_20260630200904_o1+1+t-weekday+5,大平行き,1,feed_shizuokacity_ryougouchi_20260401_20260630200904_SHP0003,o1,t-weekday,o1+1+t-weekday+5,SHP0003,,,
feed_shizuokacity_ryougouchi_20260401_20260630200904,feed_shizuokacity_ryougouchi_20260401_20260630200904,feed_shizuokacity_ryougouchi_20260401_20260630200904_o1,feed_shizuokacity_ryougouchi_20260401_20260630200904_t-weekday,feed_shizuokacity_ryougouchi_20260401_20260630200904_o1+1+t-weekday+6,大平行き,1,feed_shizuokacity_ryougouchi_20260401_20260630200904_SHP0003,o1,t-weekday,o1+1+t-weekday+6,SHP0003,,,
feed_shizuokacity_ryougouchi_20260401_20260630200904,feed_shizuokacity_ryougouchi_20260401_20260630200904,feed_shizuokacity_ryougouchi_20260401_20260630200904_o1,feed_shizuokacity_ryougouchi_20260401_20260630200904_t-weekday,feed_shizuokacity_ryougouchi_20260401_20260630200904_o1+1+t-weekday+7,大平行き,1,feed_shizuokacity_ryougouchi_20260401_20260630200904_SHP0003,o1,t-weekday,o1+1+t-weekday+7,SHP0003,,,
feed_shizuokacity_ryougouchi_20260401_20260630200904,feed_shizuokacity_ryougouchi_20260401_20260630200904,feed_shizuokacity_ryougouchi_20260401_20260630200904_o1,feed_shizuokacity_ryougouchi_20260401_20260630200904_t-weekday,feed_shizuokacity_ryougouchi_20260401_20260630200904_o1+1+t-weekday+8,大平行き,1,feed_shizuokacity_ryougouchi_20260401_20260630200904_SHP0003,o1,t-weekday,o1+1+t-weekday+8,SHP0003,,,
feed_shizuokacity_ryougouchi_20260401_20260630200904,feed_shizuokacity_ryougouchi_20260401_20260630200904,feed_shizuokacity_ryougouchi_20260401_20260630200904_o1,feed_shizuokacity_ryougouchi_20260401_20260630200904_t-sat,feed_shizuokacity_ryougouchi_20260401_20260630200904_o1+1+t-sat+9,大平行き,1,feed_shizuokacity_ryougouchi_20260401_20260630200904_SHP0003,o1,t-sat,o1+1+t-sat+9,SHP0003,,,
feed_shizuokacity_ryougouchi_20260401_20260630200904,feed_shizuokacity_ryougouchi_20260401_20260630200904,feed_shizuokacity_ryougouchi_20260401_20260630200904_o1,feed_shizuokacity_ryougouchi_20260401_20260630200904_t-sat,feed_shizuokacity_ryougouchi_20260401_20260630200904_o1+1+t-sat+10,大平行き,1,feed_shizuokacity_ryougouchi_20260401_20260630200904_SHP0003,o1,t-sat,o1+1+t-sat+10,SHP0003,,,
feed_shizuokacity_ryougouchi_20260401_20260630200904,feed_shizuokacity_ryougouchi_20260401_20260630200904,feed_shizuokacity_ryougouchi_20260401_20260630200904_o1,feed_shizuokacity_ryougouchi_20260401_20260630200904_t-sat,feed_shizuokacity_ryougouchi_20260401_20260630200904_o1+1+t-sat+11,大平行き,1,feed_shizuokacity_ryougouchi_20260401_20260630200904_SHP0003,o1,t-sat,o1+1+t-sat+11,SHP0003,,,
feed_shizuokacity_ryougouchi_20260401_20260630200904,feed_shizuokacity_ryougouchi_20260401_20260630200904,feed_shizuokacity_ryougouchi_20260401_20260630200904_o1,feed_shizuokacity_ryougouchi_20260401_20260630200904_t-sat,feed_shizuokacity_ryougouchi_20260401_20260630200904_o1+1+t-sat+12,大平行き,1,feed_shizuokacity_ryougouchi_20260401_20260630200904_SHP0003,o1,t-sat,o1+1+t-sat+12,SHP0003,,,
feed_shizuokacity_ryougouchi_20260401_20260630200904,feed_shizuokacity_ryougouchi_20260401_20260630200904,feed_shizuokacity_ryougouchi_20260401_20260630200904_o1,feed_shizuokacity_ryougouchi_20260401_20260630200904_t-sat,feed_shizuokacity_ryougouchi_20260401_20260630200904_o1+1+t-sat+13,大平行き,1,feed_shizuokacity_ryougouchi_20260401_20260630200904_SHP0003,o1,t-sat,o1+1+t-sat+13,SHP0003,,,
feed_shizuokacity_ryougouchi_20260401_20260630200904,feed_shizuokacity_ryougouchi_20260401_20260630200904,feed_shizuokacity_ryougouchi_20260401_20260630200904_o1,feed_shizuokacity_ryougouchi_20260401_20260630200904_t-sat,feed_shizuokacity_ryougouchi_20260401_20260630200904_o1+1+t-sat+14,大平行き,1,feed_shizuokacity_ryougouchi_20260401_20260630200904_SHP0003,o1,t-sat,o1+1+t-sat+14,SHP0003,,,
feed_shizuokacity_ryougouchi_20260401_20260630200904,feed_shizuokacity_ryougouchi_20260401_20260630200904,feed_shizuokacity_ryougouchi_20260401_20260630200904_o1,feed_shizuokacity_ryougouchi_20260401_20260630200904_t-sat,feed_shizuokacity_ryougouchi_20260401_20260630200904_o1+1+t-sat+15,大平行き,1,feed_shizuokacity_ryougouchi_20260401_20260630200904_SHP0003,o1,t-sat,o1+1+t-sat+15,SHP0003,,,
feed_shizuokacity_ryougouchi_20260401_20260630200904,feed_shizuokacity_ryougouchi_20260401_20260630200904,feed_shizuokacity_ryougouchi_20260401_20260630200904_o1,feed_shizuokacity_ryougouchi_20260401_20260630200904_t-sat,feed_shizuokacity_ryougouchi_20260401_20260630200904_o1+1+t-sat+16,大平行き,1,feed_shizuokacity_ryougouchi_20260401_20260630200904_SHP0003,o1,t-sat,o1+1+t-sat+16,SHP0003,,,
feed_shizuokacity_ryougouchi_20260401_20260630200904,feed_shizuokacity_ryougouchi_20260401_20260630200904,feed_shizuokacity_ryougouchi_20260401_20260630200904_o1,feed_shizuokacity_ryougouchi_20260401_20260630200904_t-sat,feed_shizuokacity_ryougouchi_20260401_20260630200904_o1+1+t-sat+17,大平行き,1,feed_shizuokacity_ryougouchi_20260401_20260630200904_SHP0003,o1,t-sat,o1+1+t-sat+17,SHP0003,,,
feed_shizuokacity_ryougouchi_20260401_20260630200904,feed_shizuokacity_ryougouchi_20260401_20260630200904,feed_shizuokacity_ryougouchi_20260401_20260630200904_o1,feed_shizuokacity_ryougouchi_20260401_20260630200904_t-sat,feed_shizuokacity_ryougouchi_20260401_20260630200904_o1+1+t-sat+18,大平行き,1,feed_shizuokacity_ryougouchi_20260401_20260630200904_SHP0003,o1,t-sat,o1+1+t-sat+18,SHP0003,,,
feed_shizuokacity_ryougouchi_20260401_20260630200904,feed_shizuokacity_ryougouchi_20260401_20260630200904,feed_shizuokacity_ryougouchi_20260401_20260630200904_o1,feed_shizuokacity_ryougouchi_20260401_20260630200904_t-sat,feed_shizuokacity_ryougouchi_20260401_20260630200904_o1+1+t-sat+19,大平行き,1,feed_shizuokacity_ryougouchi_20260401_20260630200904_SHP0003,o1,t-sat,o1+1+t-sat+19,SHP0003,,,
feed_shizuokacity_ryougouchi_20260401_20260630200904,feed_shizuokacity_ryougouchi_20260401_20260630200904,feed_shizuokacity_ryougouchi_20260401_20260630200904_o1,feed_shizuokacity_ryougouchi_20260401_20260630200904_t-sat,feed_shizuokacity_ryougouchi_20260401_20260630200904_o1+1+t-sat+20,大平行き,1,feed_shizuokacity_ryougouchi_20260401_20260630200904_SHP0003,o1,t-sat,o1+1+t-sat+20,SHP0003,,,
feed_shizuokacity_ryougouchi_20260401_20260630200904,feed_shizuokacity_ryougouchi_20260401_20260630200904,feed_shizuokacity_ryougouchi_20260401_20260630200904_o1,feed_shizuokacity_ryougouchi_20260401_20260630200904_t-weekday,feed_shizuokacity_ryougouchi_20260401_20260630200904_o1+0+t-weekday+1,和田島車庫行き,0,feed_shizuokacity_ryougouchi_20260401_20260630200904_SHP0004,o1,t-weekday,o1+0+t-weekday+1,SHP0004,,,
feed_shizuokacity_ryougouchi_20260401_20260630200904,feed_shizuokacity_ryougouchi_20260401_20260630200904,feed_shizuokacity_ryougouchi_20260401_20260630200904_o1,feed_shizuokacity_ryougouchi_20260401_20260630200904_t-weekday,feed_shizuokacity_ryougouchi_20260401_20260630200904_o1+0+t-weekday+2,和田島車庫行き,0,feed_shizuokacity_ryougouchi_20260401_20260630200904_SHP0004,o1,t-weekday,o1+0+t-weekday+2,SHP0004,,,
feed_shizuokacity_ryougouchi_20260401_20260630200904,feed_shizuokacity_ryougouchi_20260401_20260630200904,feed_shizuokacity_ryougouchi_20260401_20260630200904_o1,feed_shizuokacity_ryougouchi_20260401_20260630200904_t-weekday,feed_shizuokacity_ryougouchi_20260401_20260630200904_o1+0+t-weekday+3,和田島車庫行き,0,feed_shizuokacity_ryougouchi_20260401_20260630200904_SHP0004,o1,t-weekday,o1+0+t-weekday+3,SHP0004,,,
feed_shizuokacity_ryougouchi_20260401_20260630200904,feed_shizuokacity_ryougouchi_20260401_20260630200904,feed_shizuokacity_ryougouchi_20260401_20260630200904_o1,feed_shizuokacity_ryougouchi_20260401_20260630200904_t-weekday,feed_shizuokacity_ryougouchi_20260401_20260630200904_o1+0+t-weekday+4,和田島車庫行き,0,feed_shizuokacity_ryougouchi_20260401_20260630200904_SHP0004,o1,t-weekday,o1+0+t-weekday+4,SHP0004,,,
feed_shizuokacity_ryougouchi_20260401_20260630200904,feed_shizuokacity_ryougouchi_20260401_20260630200904,feed_shizuokacity_ryougouchi_20260401_20260630200904_o1,feed_shizuokacity_ryougouchi_20260401_20260630200904_t-weekday,feed_shizuokacity_ryougouchi_20260401_20260630200904_o1+0+t-weekday+5,和田島車庫行き,0,feed_shizuokacity_ryougouchi_20260401_20260630200904_SHP0004,o1,t-weekday,o1+0+t-weekday+5,SHP0004,,,
feed_shizuokacity_ryougouchi_20260401_20260630200904,feed_shizuokacity_ryougouchi_20260401_20260630200904,feed_shizuokacity_ryougouchi_20260401_20260630200904_o1,feed_shizuokacity_ryougouchi_20260401_20260630200904_t-weekday,feed_shizuokacity_ryougouchi_20260401_20260630200904_o1+0+t-weekday+6,和田島車庫行き,0,feed_shizuokacity_ryougouchi_20260401_20260630200904_SHP0004,o1,t-weekday,o1+0+t-weekday+6,SHP0004,,,
feed_shizuokacity_ryougouchi_20260401_20260630200904,feed_shizuokacity_ryougouchi_20260401_20260630200904,feed_shizuokacity_ryougouchi_20260401_20260630200904_o1,feed_shizuokacity_ryougouchi_20260401_20260630200904_t-weekday,feed_shizuokacity_ryougouchi_20260401_20260630200904_o1+0+t-weekday+7,和田島車庫行き,0,feed_shizuokacity_ryougouchi_20260401_20260630200904_SHP0004,o1,t-weekday,o1+0+t-weekday+7,SHP0004,,,
feed_shizuokacity_ryougouchi_20260401_20260630200904,feed_shizuokacity_ryougouchi_20260401_20260630200904,feed_shizuokacity_ryougouchi_20260401_20260630200904_o1,feed_shizuokacity_ryougouchi_20260401_20260630200904_t-weekday,feed_shizuokacity_ryougouchi_20260401_20260630200904_o1+0+t-weekday+8,和田島車庫行き,0,feed_shizuokacity_ryougouchi_20260401_20260630200904_SHP0004,o1,t-weekday,o1+0+t-weekday+8,SHP0004,,,
feed_shizuokacity_ryougouchi_20260401_20260630200904,feed_shizuokacity_ryougouchi_20260401_20260630200904,feed_shizuokacity_ryougouchi_20260401_20260630200904_o1,feed_shizuokacity_ryougouchi_20260401_20260630200904_t-weekday,feed_shizuokacity_ryougouchi_20260401_20260630200904_o1+0+t-weekday+9,和田島車庫行き,0,feed_shizuokacity_ryougouchi_20260401_20260630200904_SHP0004,o1,t-weekday,o1+0+t-weekday+9,SHP0004,,,
feed_shizuokacity_ryougouchi_20260401_20260630200904,feed_shizuokacity_ryougouchi_20260401_20260630200904,feed_shizuokacity_ryougouchi_20260401_20260630200904_o1,feed_shizuokacity_ryougouchi_20260401_20260630200904_t-weekday,feed_shizuokacity_ryougouchi_20260401_20260630200904_o1+0+t-weekday+10,和田島車庫行き,0,feed_shizuokacity_ryougouchi_20260401_20260630200904_SHP0004,o1,t-weekday,o1+0+t-weekday+10,SHP0004,,,
feed_shizuokacity_ryougouchi_20260401_20260630200904,feed_shizuokacity_ryougouchi_20260401_20260630200904,feed_shizuokacity_ryougouchi_20260401_20260630200904_o1,feed_shizuokacity_ryougouchi_20260401_20260630200904_t-weekday,feed_shizuokacity_ryougouchi_20260401_20260630200904_o1+0+t-weekday+11,和田島車庫行き,0,feed_shizuokacity_ryougouchi_20260401_20260630200904_SHP0004,o1,t-weekday,o1+0+t-weekday+11,SHP0004,,,
feed_shizuokacity_ryougouchi_20260401_20260630200904,feed_shizuokacity_ryougouchi_20260401_20260630200904,feed_shizuokacity_ryougouchi_20260401_20260630200904_o1,feed_shizuokacity_ryougouchi_20260401_20260630200904_t-sat,feed_shizuokacity_ryougouchi_20260401_20260630200904_o1+0+t-sat+12,和田島車庫行き,0,feed_shizuokacity_ryougouchi_20260401_20260630200904_SHP0004,o1,t-sat,o1+0+t-sat+12,SHP0004,,,
feed_shizuokacity_ryougouchi_20260401_20260630200904,feed_shizuokacity_ryougouchi_20260401_20260630200904,feed_shizuokacity_ryougouchi_20260401_20260630200904_o1,feed_shizuokacity_ryougouchi_20260401_20260630200904_t-sat,feed_shizuokacity_ryougouchi_20260401_20260630200904_o1+0+t-sat+13,和田島車庫行き,0,feed_shizuokacity_ryougouchi_20260401_20260630200904_SHP0004,o1,t-sat,o1+0+t-sat+13,SHP0004,,,
feed_shizuokacity_ryougouchi_20260401_20260630200904,feed_shizuokacity_ryougouchi_20260401_20260630200904,feed_shizuokacity_ryougouchi_20260401_20260630200904_o1,feed_shizuokacity_ryougouchi_20260401_20260630200904_t-sat,feed_shizuokacity_ryougouchi_20260401_20260630200904_o1+0+t-sat+14,和田島車庫行き,0,feed_shizuokacity_ryougouchi_20260401_20260630200904_SHP0004,o1,t-sat,o1+0+t-sat+14,SHP0004,,,
feed_shizuokacity_ryougouchi_20260401_20260630200904,feed_shizuokacity_ryougouchi_20260401_20260630200904,feed_shizuokacity_ryougouchi_20260401_20260630200904_o1,feed_shizuokacity_ryougouchi_20260401_20260630200904_t-sat,feed_shizuokacity_ryougouchi_20260401_20260630200904_o1+0+t-sat+15,和田島車庫行き,0,feed_shizuokacity_ryougouchi_20260401_20260630200904_SHP0004,o1,t-sat,o1+0+t-sat+15,SHP0004,,,
feed_shizuokacity_ryougouchi_20260401_20260630200904,feed_shizuokacity_ryougouchi_20260401_20260630200904,feed_shizuokacity_ryougouchi_20260401_20260630200904_o1,feed_shizuokacity_ryougouchi_20260401_20260630200904_t-sat,feed_shizuokacity_ryougouchi_20260401_20260630200904_o1+0+t-sat+16,和田島車庫行き,0,feed_shizuokacity_ryougouchi_20260401_20260630200904_SHP0004,o1,t-sat,o1+0+t-sat+16,SHP0004,,,
feed_shizuokacity_ryougouchi_20260401_20260630200904,feed_shizuokacity_ryougouchi_20260401_20260630200904,feed_shizuokacity_ryougouchi_20260401_20260630200904_o1,feed_shizuokacity_ryougouchi_20260401_20260630200904_t-sat,feed_shizuokacity_ryougouchi_20260401_20260630200904_o1+0+t-sat+17,和田島車庫行き,0,feed_shizuokacity_ryougouchi_20260401_20260630200904_SHP0004,o1,t-sat,o1+0+t-sat+17,SHP0004,,,
feed_shizuokacity_ryougouchi_20260401_20260630200904,feed_shizuokacity_ryougouchi_20260401_20260630200904,feed_shizuokacity_ryougouchi_20260401_20260630200904_o1,feed_shizuokacity_ryougouchi_20260401_20260630200904_t-sat,feed_shizuokacity_ryougouchi_20260401_20260630200904_o1+0+t-sat+18,和田島車庫行き,0,feed_shizuokacity_ryougouchi_20260401_20260630200904_SHP0004,o1,t-sat,o1+0+t-sat+18,SHP0004,,,
feed_shizuokacity_ryougouchi_20260401_20260630200904,feed_shizuokacity_ryougouchi_20260401_20260630200904,feed_shizuokacity_ryougouchi_20260401_20260630200904_o1,feed_shizuokacity_ryougouchi_20260401_20260630200904_t-sat,feed_shizuokacity_ryougouchi_20260401_20260630200904_o1+0+t-sat+19,和田島車庫行き,0,feed_shizuokacity_ryougouchi_20260401_20260630200904_SHP0004,o1,t-sat,o1+0+t-sat+19,SHP0004,,,
feed_shizuokacity_ryougouchi_20260401_20260630200904,feed_shizuokacity_ryougouchi_20260401_20260630200904,feed_shizuokacity_ryougouchi_20260401_20260630200904_o1,feed_shizuokacity_ryougouchi_20260401_20260630200904_t-sat,feed_shizuokacity_ryougouchi_20260401_20260630200904_o1+0+t-sat+20,和田島車庫行き,0,feed_shizuokacity_ryougouchi_20260401_20260630200904_SHP0004,o1,t-sat,o1+0+t-sat+20,SHP0004,,,
feed_shizuokacity_ryougouchi_20260401_20260630200904,feed_shizuokacity_ryougouchi_20260401_20260630200904,feed_shizuokacity_ryougouchi_20260401_20260630200904_o1,feed_shizuokacity_ryougouchi_20260401_20260630200904_t-sat,feed_shizuokacity_ryougouchi_20260401_20260630200904_o1+0+t-sat+21,和田島車庫行き,0,feed_shizuokacity_ryougouchi_20260401_20260630200904_SHP0004,o1,t-sat,o1+0+t-sat+21,SHP0004,,,
feed_shizuokacity_ryougouchi_20260401_20260630200904,feed_shizuokacity_ryougouchi_20260401_20260630200904,feed_shizuokacity_ryougouchi_20260401_20260630200904_o1,feed_shizuokacity_ryougouchi_20260401_20260630200904_t-sat,feed_shizuokacity_ryougouchi_20260401_20260630200904_o1+0+t-sat+22,和田島車庫行き,0,feed_shizuokacity_ryougouchi_20260401_20260630200904_SHP0004,o1,t-sat,o1+0+t-sat+22,SHP0004,,,
feed_shizuokacity_ryougouchi_20260401_20260630200904,feed_shizuokacity_ryougouchi_20260401_20260630200904,feed_shizuokacity_ryougouchi_20260401_20260630200904_o1,feed_shizuokacity_ryougouchi_20260401_20260630200904_t-sat,feed_shizuokacity_ryougouchi_20260401_20260630200904_o1+0+t-sat+23,和田島車庫行き,0,feed_shizuokacity_ryougouchi_20260401_20260630200904_SHP0004,o1,t-sat,o1+0+t-sat+23,SHP0004,,,
feed_shizuokacity_ryougouchi_20260401_20260630200904,feed_shizuokacity_ryougouchi_20260401_20260630200904,feed_shizuokacity_ryougouchi_20260401_20260630200904_z1,feed_shizuokacity_ryougouchi_20260401_20260630200904_t-weekday,feed_shizuokacity_ryougouchi_20260401_20260630200904_z1+1+t-weekday+1,板井沢行き,1,feed_shizuokacity_ryougouchi_20260401_20260630200904_SHP0005,z1,t-weekday,z1+1+t-weekday+1,SHP0005,,,
feed_shizuokacity_ryougouchi_20260401_20260630200904,feed_shizuokacity_ryougouchi_20260401_20260630200904,feed_shizuokacity_ryougouchi_20260401_20260630200904_z1,feed_shizuokacity_ryougouchi_20260401_20260630200904_t-weekday,feed_shizuokacity_ryougouchi_20260401_20260630200904_z1+1+t-weekday+2,板井沢行き,1,feed_shizuokacity_ryougouchi_20260401_20260630200904_SHP0005,z1,t-weekday,z1+1+t-weekday+2,SHP0005,,,
feed_shizuokacity_ryougouchi_20260401_20260630200904,feed_shizuokacity_ryougouchi_20260401_20260630200904,feed_shizuokacity_ryougouchi_20260401_20260630200904_z1,feed_shizuokacity_ryougouchi_20260401_20260630200904_t-weekday,feed_shizuokacity_ryougouchi_20260401_20260630200904_z1+1+t-weekday+3,板井沢行き,1,feed_shizuokacity_ryougouchi_20260401_20260630200904_SHP0005,z1,t-weekday,z1+1+t-weekday+3,SHP0005,,,
feed_shizuokacity_ryougouchi_20260401_20260630200904,feed_shizuokacity_ryougouchi_20260401_20260630200904,feed_shizuokacity_ryougouchi_20260401_20260630200904_z1,feed_shizuokacity_ryougouchi_20260401_20260630200904_t-weekday,feed_shizuokacity_ryougouchi_20260401_20260630200904_z1+1+t-weekday+4,板井沢行き,1,feed_shizuokacity_ryougouchi_20260401_20260630200904_SHP0005,z1,t-weekday,z1+1+t-weekday+4,SHP0005,,,
feed_shizuokacity_ryougouchi_20260401_20260630200904,feed_shizuokacity_ryougouchi_20260401_20260630200904,feed_shizuokacity_ryougouchi_20260401_20260630200904_z1,feed_shizuokacity_ryougouchi_20260401_20260630200904_t-weekday,feed_shizuokacity_ryougouchi_20260401_20260630200904_z1+1+t-weekday+5,板井沢行き,1,feed_shizuokacity_ryougouchi_20260401_20260630200904_SHP0005,z1,t-weekday,z1+1+t-weekday+5,SHP0005,,,
feed_shizuokacity_ryougouchi_20260401_20260630200904,feed_shizuokacity_ryougouchi_20260401_20260630200904,feed_shizuokacity_ryougouchi_20260401_20260630200904_z1,feed_shizuokacity_ryougouchi_20260401_20260630200904_t-weekday,feed_shizuokacity_ryougouchi_20260401_20260630200904_z1+1+t-weekday+6,板井沢行き,1,feed_shizuokacity_ryougouchi_20260401_20260630200904_SHP0005,z1,t-weekday,z1+1+t-weekday+6,SHP0005,,,
feed_shizuokacity_ryougouchi_20260401_20260630200904,feed_shizuokacity_ryougouchi_20260401_20260630200904,feed_shizuokacity_ryougouchi_20260401_20260630200904_z1,feed_shizuokacity_ryougouchi_20260401_20260630200904_t-weekday,feed_shizuokacity_ryougouchi_20260401_20260630200904_z1+1+t-weekday+7,板井沢行き,1,feed_shizuokacity_ryougouchi_20260401_20260630200904_SHP0005,z1,t-weekday,z1+1+t-weekday+7,SHP0005,,,
feed_shizuokacity_ryougouchi_20260401_20260630200904,feed_shizuokacity_ryougouchi_20260401_20260630200904,feed_shizuokacity_ryougouchi_20260401_20260630200904_z1,feed_shizuokacity_ryougouchi_20260401_20260630200904_t-weekday,feed_shizuokacity_ryougouchi_20260401_20260630200904_z1+1+t-weekday+8,板井沢行き,1,feed_shizuokacity_ryougouchi_20260401_20260630200904_SHP0005,z1,t-weekday,z1+1+t-weekday+8,SHP0005,,,
feed_shizuokacity_ryougouchi_20260401_20260630200904,feed_shizuokacity_ryougouchi_20260401_20260630200904,feed_shizuokacity_ryougouchi_20260401_20260630200904_z1,feed_shizuokacity_ryougouchi_20260401_20260630200904_t-weekday,feed_shizuokacity_ryougouchi_20260401_20260630200904_z1+1+t-weekday+9,板井沢行き,1,feed_shizuokacity_ryougouchi_20260401_20260630200904_SHP0005,z1,t-weekday,z1+1+t-weekday+9,SHP0005,,,
feed_shizuokacity_ryougouchi_20260401_20260630200904,feed_shizuokacity_ryougouchi_20260401_20260630200904,feed_shizuokacity_ryougouchi_20260401_20260630200904_z1,feed_shizuokacity_ryougouchi_20260401_20260630200904_t-sat,feed_shizuokacity_ryougouchi_20260401_20260630200904_z1+1+t-sat+10,板井沢行き,1,feed_shizuokacity_ryougouchi_20260401_20260630200904_SHP0005,z1,t-sat,z1+1+t-sat+10,SHP0005,,,
feed_shizuokacity_ryougouchi_20260401_20260630200904,feed_shizuokacity_ryougouchi_20260401_20260630200904,feed_shizuokacity_ryougouchi_20260401_20260630200904_z1,feed_shizuokacity_ryougouchi_20260401_20260630200904_t-sat,feed_shizuokacity_ryougouchi_20260401_20260630200904_z1+1+t-sat+11,板井沢行き,1,feed_shizuokacity_ryougouchi_20260401_20260630200904_SHP0005,z1,t-sat,z1+1+t-sat+11,SHP0005,,,
feed_shizuokacity_ryougouchi_20260401_20260630200904,feed_shizuokacity_ryougouchi_20260401_20260630200904,feed_shizuokacity_ryougouchi_20260401_20260630200904_z1,feed_shizuokacity_ryougouchi_20260401_20260630200904_t-sat,feed_shizuokacity_ryougouchi_20260401_20260630200904_z1+1+t-sat+12,板井沢行き,1,feed_shizuokacity_ryougouchi_20260401_20260630200904_SHP0005,z1,t-sat,z1+1+t-sat+12,SHP0005,,,
feed_shizuokacity_ryougouchi_20260401_20260630200904,feed_shizuokacity_ryougouchi_20260401_20260630200904,feed_shizuokacity_ryougouchi_20260401_20260630200904_z1,feed_shizuokacity_ryougouchi_20260401_20260630200904_t-sat,feed_shizuokacity_ryougouchi_20260401_20260630200904_z1+1+t-sat+13,板井沢行き,1,feed_shizuokacity_ryougouchi_20260401_20260630200904_SHP0005,z1,t-sat,z1+1+t-sat+13,SHP0005,,,
feed_shizuokacity_ryougouchi_20260401_20260630200904,feed_shizuokacity_ryougouchi_20260401_20260630200904,feed_shizuokacity_ryougouchi_20260401_20260630200904_z1,feed_shizuokacity_ryougouchi_20260401_20260630200904_t-sat,feed_shizuokacity_ryougouchi_20260401_20260630200904_z1+1+t-sat+14,板井沢行き,1,feed_shizuokacity_ryougouchi_20260401_20260630200904_SHP0005,z1,t-sat,z1+1+t-sat+14,SHP0005,,,
feed_shizuokacity_ryougouchi_20260401_20260630200904,feed_shizuokacity_ryougouchi_20260401_20260630200904,feed_shizuokacity_ryougouchi_20260401_20260630200904_z1,feed_shizuokacity_ryougouchi_20260401_20260630200904_t-sat,feed_shizuokacity_ryougouchi_20260401_20260630200904_z1+1+t-sat+15,板井沢行き,1,feed_shizuokacity_ryougouchi_20260401_20260630200904_SHP0005,z1,t-sat,z1+1+t-sat+15,SHP0005,,,
feed_shizuokacity_ryougouchi_20260401_20260630200904,feed_shizuokacity_ryougouchi_20260401_20260630200904,feed_shizuokacity_ryougouchi_20260401_20260630200904_z1,feed_shizuokacity_ryougouchi_20260401_20260630200904_t-sat,feed_shizuokacity_ryougouchi_20260401_20260630200904_z1+1+t-sat+16,板井沢行き,1,feed_shizuokacity_ryougouchi_20260401_20260630200904_SHP0005,z1,t-sat,z1+1+t-sat+16,SHP0005,,,
feed_shizuokacity_ryougouchi_20260401_20260630200904,feed_shizuokacity_ryougouchi_20260401_20260630200904,feed_shizuokacity_ryougouchi_20260401_20260630200904_z1,feed_shizuokacity_ryougouchi_20260401_20260630200904_t-sat,feed_shizuokacity_ryougouchi_20260401_20260630200904_z1+1+t-sat+17,板井沢行き,1,feed_shizuokacity_ryougouchi_20260401_20260630200904_SHP0005,z1,t-sat,z1+1+t-sat+17,SHP0005,,,
feed_shizuokacity_ryougouchi_20260401_20260630200904,feed_shizuokacity_ryougouchi_20260401_20260630200904,feed_shizuokacity_ryougouchi_20260401_20260630200904_z1,feed_shizuokacity_ryougouchi_20260401_20260630200904_t-sat,feed_shizuokacity_ryougouchi_20260401_20260630200904_z1+1+t-sat+18,板井沢行き,1,feed_shizuokacity_ryougouchi_20260401_20260630200904_SHP0005,z1,t-sat,z1+1+t-sat+18,SHP0005,,,
feed_shizuokacity_ryougouchi_20260401_20260630200904,feed_shizuokacity_ryougouchi_20260401_20260630200904,feed_shizuokacity_ryougouchi_20260401_20260630200904_z1,feed_shizuokacity_ryougouchi_20260401_20260630200904_t-sat,feed_shizuokacity_ryougouchi_20260401_20260630200904_z1+1+t-sat+19,板井沢行き,1,feed_shizuokacity_ryougouchi_20260401_20260630200904_SHP0005,z1,t-sat,z1+1+t-sat+19,SHP0005,,,
feed_shizuokacity_ryougouchi_20260401_20260630200904,feed_shizuokacity_ryougouchi_20260401_20260630200904,feed_shizuokacity_ryougouchi_20260401_20260630200904_z1,feed_shizuokacity_ryougouchi_20260401_20260630200904_t-sat,feed_shizuokacity_ryougouchi_20260401_20260630200904_z1+1+t-sat+20,板井沢行き,1,feed_shizuokacity_ryougouchi_20260401_20260630200904_SHP0005,z1,t-sat,z1+1+t-sat+20,SHP0005,,,
feed_shizuokacity_ryougouchi_20260401_20260630200904,feed_shizuokacity_ryougouchi_20260401_20260630200904,feed_shizuokacity_ryougouchi_20260401_20260630200904_z1,feed_shizuokacity_ryougouchi_20260401_20260630200904_t-sat,feed_shizuokacity_ryougouchi_20260401_20260630200904_z1+1+t-sat+21,板井沢行き,1,feed_shizuokacity_ryougouchi_20260401_20260630200904_SHP0005,z1,t-sat,z1+1+t-sat+21,SHP0005,,,
feed_shizuokacity_ryougouchi_20260401_20260630200904,feed_shizuokacity_ryougouchi_20260401_20260630200904,feed_shizuokacity_ryougouchi_20260401_20260630200904_z1,feed_shizuokacity_ryougouchi_20260401_20260630200904_t-weekday,feed_shizuokacity_ryougouchi_20260401_20260630200904_z1+0+t-weekday+1,和田島車庫行き,0,feed_shizuokacity_ryougouchi_20260401_20260630200904_SHP0006,z1,t-weekday,z1+0+t-weekday+1,SHP0006,,,
feed_shizuokacity_ryougouchi_20260401_20260630200904,feed_shizuokacity_ryougouchi_20260401_20260630200904,feed_shizuokacity_ryougouchi_20260401_20260630200904_z1,feed_shizuokacity_ryougouchi_20260401_20260630200904_t-weekday,feed_shizuokacity_ryougouchi_20260401_20260630200904_z1+0+t-weekday+2,和田島車庫行き,0,feed_shizuokacity_ryougouchi_20260401_20260630200904_SHP0006,z1,t-weekday,z1+0+t-weekday+2,SHP0006,,,
feed_shizuokacity_ryougouchi_20260401_20260630200904,feed_shizuokacity_ryougouchi_20260401_20260630200904,feed_shizuokacity_ryougouchi_20260401_20260630200904_z1,feed_shizuokacity_ryougouchi_20260401_20260630200904_t-weekday,feed_shizuokacity_ryougouchi_20260401_20260630200904_z1+0+t-weekday+3,和田島車庫行き,0,feed_shizuokacity_ryougouchi_20260401_20260630200904_SHP0006,z1,t-weekday,z1+0+t-weekday+3,SHP0006,,,
feed_shizuokacity_ryougouchi_20260401_20260630200904,feed_shizuokacity_ryougouchi_20260401_20260630200904,feed_shizuokacity_ryougouchi_20260401_20260630200904_z1,feed_shizuokacity_ryougouchi_20260401_20260630200904_t-weekday,feed_shizuokacity_ryougouchi_20260401_20260630200904_z1+0+t-weekday+4,和田島車庫行き,0,feed_shizuokacity_ryougouchi_20260401_20260630200904_SHP0006,z1,t-weekday,z1+0+t-weekday+4,SHP0006,,,
feed_shizuokacity_ryougouchi_20260401_20260630200904,feed_shizuokacity_ryougouchi_20260401_20260630200904,feed_shizuokacity_ryougouchi_20260401_20260630200904_z1,feed_shizuokacity_ryougouchi_20260401_20260630200904_t-weekday,feed_shizuokacity_ryougouchi_20260401_20260630200904_z1+0+t-weekday+5,和田島車庫行き,0,feed_shizuokacity_ryougouchi_20260401_20260630200904_SHP0006,z1,t-weekday,z1+0+t-weekday+5,SHP0006,,,
feed_shizuokacity_ryougouchi_20260401_20260630200904,feed_shizuokacity_ryougouchi_20260401_20260630200904,feed_shizuokacity_ryougouchi_20260401_20260630200904_z1,feed_shizuokacity_ryougouchi_20260401_20260630200904_t-weekday,feed_shizuokacity_ryougouchi_20260401_20260630200904_z1+0+t-weekday+6,和田島車庫行き,0,feed_shizuokacity_ryougouchi_20260401_20260630200904_SHP0006,z1,t-weekday,z1+0+t-weekday+6,SHP0006,,,
feed_shizuokacity_ryougouchi_20260401_20260630200904,feed_shizuokacity_ryougouchi_20260401_20260630200904,feed_shizuokacity_ryougouchi_20260401_20260630200904_z1,feed_shizuokacity_ryougouchi_20260401_20260630200904_t-weekday,feed_shizuokacity_ryougouchi_20260401_20260630200904_z1+0+t-weekday+7,和田島車庫行き,0,feed_shizuokacity_ryougouchi_20260401_20260630200904_SHP0006,z1,t-weekday,z1+0+t-weekday+7,SHP0006,,,
feed_shizuokacity_ryougouchi_20260401_20260630200904,feed_shizuokacity_ryougouchi_20260401_20260630200904,feed_shizuokacity_ryougouchi_20260401_20260630200904_z1,feed_shizuokacity_ryougouchi_20260401_20260630200904_t-weekday,feed_shizuokacity_ryougouchi_20260401_20260630200904_z1+0+t-weekday+8,和田島車庫行き,0,feed_shizuokacity_ryougouchi_20260401_20260630200904_SHP0006,z1,t-weekday,z1+0+t-weekday+8,SHP0006,,,
feed_shizuokacity_ryougouchi_20260401_20260630200904,feed_shizuokacity_ryougouchi_20260401_20260630200904,feed_shizuokacity_ryougouchi_20260401_20260630200904_z1,feed_shizuokacity_ryougouchi_20260401_20260630200904_t-weekday,feed_shizuokacity_ryougouchi_20260401_20260630200904_z1+0+t-weekday+9,和田島車庫行き,0,feed_shizuokacity_ryougouchi_20260401_20260630200904_SHP0006,z1,t-weekday,z1+0+t-weekday+9,SHP0006,,,
feed_shizuokacity_ryougouchi_20260401_20260630200904,feed_shizuokacity_ryougouchi_20260401_20260630200904,feed_shizuokacity_ryougouchi_20260401_20260630200904_z1,feed_shizuokacity_ryougouchi_20260401_20260630200904_t-weekday,feed_shizuokacity_ryougouchi_20260401_20260630200904_z1+0+t-weekday+10,和田島車庫行き,0,feed_shizuokacity_ryougouchi_20260401_20260630200904_SHP0006,z1,t-weekday,z1+0+t-weekday+10,SHP0006,,,
feed_shizuokacity_ryougouchi_20260401_20260630200904,feed_shizuokacity_ryougouchi_20260401_20260630200904,feed_shizuokacity_ryougouchi_20260401_20260630200904_z1,feed_shizuokacity_ryougouchi_20260401_20260630200904_t-weekday,feed_shizuokacity_ryougouchi_20260401_20260630200904_z1+0+t-weekday+11,和田島車庫行き,0,feed_shizuokacity_ryougouchi_20260401_20260630200904_SHP0006,z1,t-weekday,z1+0+t-weekday+11,SHP0006,,,
feed_shizuokacity_ryougouchi_20260401_20260630200904,feed_shizuokacity_ryougouchi_20260401_20260630200904,feed_shizuokacity_ryougouchi_20260401_20260630200904_z1,feed_shizuokacity_ryougouchi_20260401_20260630200904_t-weekday,feed_shizuokacity_ryougouchi_20260401_20260630200904_z1+0+t-weekday+12,和田島車庫行き,0,feed_shizuokacity_ryougouchi_20260401_20260630200904_SHP0006,z1,t-weekday,z1+0+t-weekday+12,SHP0006,,,
feed_shizuokacity_ryougouchi_20260401_20260630200904,feed_shizuokacity_ryougouchi_20260401_20260630200904,feed_shizuokacity_ryougouchi_20260401_20260630200904_z1,feed_shizuokacity_ryougouchi_20260401_20260630200904_t-sat,feed_shizuokacity_ryougouchi_20260401_20260630200904_z1+0+t-sat+13,和田島車庫行き,0,feed_shizuokacity_ryougouchi_20260401_20260630200904_SHP0006,z1,t-sat,z1+0+t-sat+13,SHP0006,,,
feed_shizuokacity_ryougouchi_20260401_20260630200904,feed_shizuokacity_ryougouchi_20260401_20260630200904,feed_shizuokacity_ryougouchi_20260401_20260630200904_z1,feed_shizuokacity_ryougouchi_20260401_20260630200904_t-sat,feed_shizuokacity_ryougouchi_20260401_20260630200904_z1+0+t-sat+14,和田島車庫行き,0,feed_shizuokacity_ryougouchi_20260401_20260630200904_SHP0006,z1,t-sat,z1+0+t-sat+14,SHP0006,,,
feed_shizuokacity_ryougouchi_20260401_20260630200904,feed_shizuokacity_ryougouchi_20260401_20260630200904,feed_shizuokacity_ryougouchi_20260401_20260630200904_z1,feed_shizuokacity_ryougouchi_20260401_20260630200904_t-sat,feed_shizuokacity_ryougouchi_20260401_20260630200904_z1+0+t-sat+15,和田島車庫行き,0,feed_shizuokacity_ryougouchi_20260401_20260630200904_SHP0006,z1,t-sat,z1+0+t-sat+15,SHP0006,,,
feed_shizuokacity_ryougouchi_20260401_20260630200904,feed_shizuokacity_ryougouchi_20260401_20260630200904,feed_shizuokacity_ryougouchi_20260401_20260630200904_z1,feed_shizuokacity_ryougouchi_20260401_20260630200904_t-sat,feed_shizuokacity_ryougouchi_20260401_20260630200904_z1+0+t-sat+16,和田島車庫行き,0,feed_shizuokacity_ryougouchi_20260401_20260630200904_SHP0006,z1,t-sat,z1+0+t-sat+16,SHP0006,,,
feed_shizuokacity_ryougouchi_20260401_20260630200904,feed_shizuokacity_ryougouchi_20260401_20260630200904,feed_shizuokacity_ryougouchi_20260401_20260630200904_z1,feed_shizuokacity_ryougouchi_20260401_20260630200904_t-sat,feed_shizuokacity_ryougouchi_20260401_20260630200904_z1+0+t-sat+17,和田島車庫行き,0,feed_shizuokacity_ryougouchi_20260401_20260630200904_SHP0006,z1,t-sat,z1+0+t-sat+17,SHP0006,,,
feed_shizuokacity_ryougouchi_20260401_20260630200904,feed_shizuokacity_ryougouchi_20260401_20260630200904,feed_shizuokacity_ryougouchi_20260401_20260630200904_z1,feed_shizuokacity_ryougouchi_20260401_20260630200904_t-sat,feed_shizuokacity_ryougouchi_20260401_20260630200904_z1+0+t-sat+18,和田島車庫行き,0,feed_shizuokacity_ryougouchi_20260401_20260630200904_SHP0006,z1,t-sat,z1+0+t-sat+18,SHP0006,,,
feed_shizuokacity_ryougouchi_20260401_20260630200904,feed_shizuokacity_ryougouchi_20260401_20260630200904,feed_shizuokacity_ryougouchi_20260401_20260630200904_z1,feed_shizuokacity_ryougouchi_20260401_20260630200904_t-sat,feed_shizuokacity_ryougouchi_20260401_20260630200904_z1+0+t-sat+19,和田島車庫行き,0,feed_shizuokacity_ryougouchi_20260401_20260630200904_SHP0006,z1,t-sat,z1+0+t-sat+19,SHP0006,,,
feed_shizuokacity_ryougouchi_20260401_20260630200904,feed_shizuokacity_ryougouchi_20260401_20260630200904,feed_shizuokacity_ryougouchi_20260401_20260630200904_z1,feed_shizuokacity_ryougouchi_20260401_20260630200904_t-sat,feed_shizuokacity_ryougouchi_20260401_20260630200904_z1+0+t-sat+20,和田島車庫行き,0,feed_shizuokacity_ryougouchi_20260401_20260630200904_SHP0006,z1,t-sat,z1+0+t-sat+20,SHP0006,,,
feed_shizuokacity_ryougouchi_20260401_20260630200904,feed_shizuokacity_ryougouchi_20260401_20260630200904,feed_shizuokacity_ryougouchi_20260401_20260630200904_z1,feed_shizuokacity_ryougouchi_20260401_20260630200904_t-sat,feed_shizuokacity_ryougouchi_20260401_20260630200904_z1+0+t-sat+21,和田島車庫行き,0,feed_shizuokacity_ryougouchi_20260401_20260630200904_SHP0006,z1,t-sat,z1+0+t-sat+21,SHP0006,,,
feed_shizuokacity_ryougouchi_20260401_20260630200904,feed_shizuokacity_ryougouchi_20260401_20260630200904,feed_shizuokacity_ryougouchi_20260401_20260630200904_z1,feed_shizuokacity_ryougouchi_20260401_20260630200904_t-sat,feed_shizuokacity_ryougouchi_20260401_20260630200904_z1+0+t-sat+22,和田島車庫行き,0,feed_shizuokacity_ryougouchi_20260401_20260630200904_SHP0006,z1,t-sat,z1+0+t-sat+22,SHP0006,,,
feed_shizuokacity_ryougouchi_20260401_20260630200904,feed_shizuokacity_ryougouchi_20260401_20260630200904,feed_shizuokacity_ryougouchi_20260401_20260630200904_z1,feed_shizuokacity_ryougouchi_20260401_20260630200904_t-sat,feed_shizuokacity_ryougouchi_20260401_20260630200904_z1+0+t-sat+23,和田島車庫行き,0,feed_shizuokacity_ryougouchi_20260401_20260630200904_SHP0006,z1,t-sat,z1+0+t-sat+23,SHP0006,,,
feed_shizuokacity_ryougouchi_20260401_20260630200904,feed_shizuokacity_ryougouchi_20260401_20260630200904,feed_shizuokacity_ryougouchi_20260401_20260630200904_z1,feed_shizuokacity_ryougouchi_20260401_20260630200904_t-sat,feed_shizuokacity_ryougouchi_20260401_20260630200904_z1+0+t-sat+24,和田島車庫行き,0,feed_shizuokacity_ryougouchi_20260401_20260630200904_SHP0006,z1,t-sat,z1+0+t-sat+24,SHP0006,,,
feed_shizuokacity_yui_kanbara_20260401_20260630200146,feed_shizuokacity_yui-kanbara_20260401_20260630200146,feed_shizuokacity_yui_kanbara_20260401_20260630200146_b1,feed_shizuokacity_yui_kanbara_20260401_20260630200146_b-weekday,feed_shizuokacity_yui_kanbara_20260401_20260630200146_b1+1+b-weekday+1,蒲原病院行き,1,feed_shizuokacity_yui_kanbara_20260401_20260630200146_SHP0001,b1,b-weekday,b1+1+b-weekday+1,SHP0001,,,
feed_shizuokacity_yui_kanbara_20260401_20260630200146,feed_shizuokacity_yui-kanbara_20260401_20260630200146,feed_shizuokacity_yui_kanbara_20260401_20260630200146_b1,feed_shizuokacity_yui_kanbara_20260401_20260630200146_b-weekday,feed_shizuokacity_yui_kanbara_20260401_20260630200146_b1+1+b-weekday+2,蒲原病院行き,1,feed_shizuokacity_yui_kanbara_20260401_20260630200146_SHP0001,b1,b-weekday,b1+1+b-weekday+2,SHP0001,,,
feed_shizuokacity_yui_kanbara_20260401_20260630200146,feed_shizuokacity_yui-kanbara_20260401_20260630200146,feed_shizuokacity_yui_kanbara_20260401_20260630200146_b1,feed_shizuokacity_yui_kanbara_20260401_20260630200146_b-weekday,feed_shizuokacity_yui_kanbara_20260401_20260630200146_b1+1+b-weekday+3,蒲原病院行き,1,feed_shizuokacity_yui_kanbara_20260401_20260630200146_SHP0001,b1,b-weekday,b1+1+b-weekday+3,SHP0001,,,
feed_shizuokacity_yui_kanbara_20260401_20260630200146,feed_shizuokacity_yui-kanbara_20260401_20260630200146,feed_shizuokacity_yui_kanbara_20260401_20260630200146_b1,feed_shizuokacity_yui_kanbara_20260401_20260630200146_b-weekday,feed_shizuokacity_yui_kanbara_20260401_20260630200146_b1+1+b-weekday+4,蒲原病院行き,1,feed_shizuokacity_yui_kanbara_20260401_20260630200146_SHP0001,b1,b-weekday,b1+1+b-weekday+4,SHP0001,,,
feed_shizuokacity_yui_kanbara_20260401_20260630200146,feed_shizuokacity_yui-kanbara_20260401_20260630200146,feed_shizuokacity_yui_kanbara_20260401_20260630200146_b1,feed_shizuokacity_yui_kanbara_20260401_20260630200146_b-weekday,feed_shizuokacity_yui_kanbara_20260401_20260630200146_b1+1+b-weekday+5,蒲原病院行き,1,feed_shizuokacity_yui_kanbara_20260401_20260630200146_SHP0001,b1,b-weekday,b1+1+b-weekday+5,SHP0001,,,
feed_shizuokacity_yui_kanbara_20260401_20260630200146,feed_shizuokacity_yui-kanbara_20260401_20260630200146,feed_shizuokacity_yui_kanbara_20260401_20260630200146_b1,feed_shizuokacity_yui_kanbara_20260401_20260630200146_b-weekday,feed_shizuokacity_yui_kanbara_20260401_20260630200146_b1+1+b-weekday+6,蒲原病院行き,1,feed_shizuokacity_yui_kanbara_20260401_20260630200146_SHP0001,b1,b-weekday,b1+1+b-weekday+6,SHP0001,,,
feed_shizuokacity_yui_kanbara_20260401_20260630200146,feed_shizuokacity_yui-kanbara_20260401_20260630200146,feed_shizuokacity_yui_kanbara_20260401_20260630200146_b1,feed_shizuokacity_yui_kanbara_20260401_20260630200146_b-weekday,feed_shizuokacity_yui_kanbara_20260401_20260630200146_b1+1+b-weekday+7,蒲原病院行き,1,feed_shizuokacity_yui_kanbara_20260401_20260630200146_SHP0001,b1,b-weekday,b1+1+b-weekday+7,SHP0001,,,
feed_shizuokacity_yui_kanbara_20260401_20260630200146,feed_shizuokacity_yui-kanbara_20260401_20260630200146,feed_shizuokacity_yui_kanbara_20260401_20260630200146_b1,feed_shizuokacity_yui_kanbara_20260401_20260630200146_b-weekend,feed_shizuokacity_yui_kanbara_20260401_20260630200146_b1+1+b-weekend+8,蒲原病院行き,1,feed_shizuokacity_yui_kanbara_20260401_20260630200146_SHP0001,b1,b-weekend,b1+1+b-weekend+8,SHP0001,,,
feed_shizuokacity_yui_kanbara_20260401_20260630200146,feed_shizuokacity_yui-kanbara_20260401_20260630200146,feed_shizuokacity_yui_kanbara_20260401_20260630200146_b1,feed_shizuokacity_yui_kanbara_20260401_20260630200146_b-weekend,feed_shizuokacity_yui_kanbara_20260401_20260630200146_b1+1+b-weekend+9,蒲原病院行き,1,feed_shizuokacity_yui_kanbara_20260401_20260630200146_SHP0001,b1,b-weekend,b1+1+b-weekend+9,SHP0001,,,
feed_shizuokacity_yui_kanbara_20260401_20260630200146,feed_shizuokacity_yui-kanbara_20260401_20260630200146,feed_shizuokacity_yui_kanbara_20260401_20260630200146_b2,feed_shizuokacity_yui_kanbara_20260401_20260630200146_b-weekday,feed_shizuokacity_yui_kanbara_20260401_20260630200146_b2+0+b-weekday+1,由比駅行き,0,feed_shizuokacity_yui_kanbara_20260401_20260630200146_SHP0002,b2,b-weekday,b2+0+b-weekday+1,SHP0002,,,
feed_shizuokacity_yui_kanbara_20260401_20260630200146,feed_shizuokacity_yui-kanbara_20260401_20260630200146,feed_shizuokacity_yui_kanbara_20260401_20260630200146_b2,feed_shizuokacity_yui_kanbara_20260401_20260630200146_b-weekday,feed_shizuokacity_yui_kanbara_20260401_20260630200146_b2+0+b-weekday+2,由比駅行き,0,feed_shizuokacity_yui_kanbara_20260401_20260630200146_SHP0002,b2,b-weekday,b2+0+b-weekday+2,SHP0002,,,
feed_shizuokacity_yui_kanbara_20260401_20260630200146,feed_shizuokacity_yui-kanbara_20260401_20260630200146,feed_shizuokacity_yui_kanbara_20260401_20260630200146_b2,feed_shizuokacity_yui_kanbara_20260401_20260630200146_b-weekday,feed_shizuokacity_yui_kanbara_20260401_20260630200146_b2+0+b-weekday+3,由比駅行き,0,feed_shizuokacity_yui_kanbara_20260401_20260630200146_SHP0002,b2,b-weekday,b2+0+b-weekday+3,SHP0002,,,
feed_shizuokacity_yui_kanbara_20260401_20260630200146,feed_shizuokacity_yui-kanbara_20260401_20260630200146,feed_shizuokacity_yui_kanbara_20260401_20260630200146_b2,feed_shizuokacity_yui_kanbara_20260401_20260630200146_b-weekday,feed_shizuokacity_yui_kanbara_20260401_20260630200146_b2+0+b-weekday+4,由比駅行き,0,feed_shizuokacity_yui_kanbara_20260401_20260630200146_SHP0002,b2,b-weekday,b2+0+b-weekday+4,SHP0002,,,
feed_shizuokacity_yui_kanbara_20260401_20260630200146,feed_shizuokacity_yui-kanbara_20260401_20260630200146,feed_shizuokacity_yui_kanbara_20260401_20260630200146_b2,feed_shizuokacity_yui_kanbara_20260401_20260630200146_b-weekday,feed_shizuokacity_yui_kanbara_20260401_20260630200146_b2+0+b-weekday+5,由比駅行き,0,feed_shizuokacity_yui_kanbara_20260401_20260630200146_SHP0002,b2,b-weekday,b2+0+b-weekday+5,SHP0002,,,
feed_shizuokacity_yui_kanbara_20260401_20260630200146,feed_shizuokacity_yui-kanbara_20260401_20260630200146,feed_shizuokacity_yui_kanbara_20260401_20260630200146_b2,feed_shizuokacity_yui_kanbara_20260401_20260630200146_b-weekday,feed_shizuokacity_yui_kanbara_20260401_20260630200146_b2+0+b-weekday+6,由比駅行き,0,feed_shizuokacity_yui_kanbara_20260401_20260630200146_SHP0002,b2,b-weekday,b2+0+b-weekday+6,SHP0002,,,
feed_shizuokacity_yui_kanbara_20260401_20260630200146,feed_shizuokacity_yui-kanbara_20260401_20260630200146,feed_shizuokacity_yui_kanbara_20260401_20260630200146_b2,feed_shizuokacity_yui_kanbara_20260401_20260630200146_b-weekend,feed_shizuokacity_yui_kanbara_20260401_20260630200146_b2+0+b-weekend+7,由比駅行き,0,feed_shizuokacity_yui_kanbara_20260401_20260630200146_SHP0002,b2,b-weekend,b2+0+b-weekend+7,SHP0002,,,
feed_shizuokacity_yui_kanbara_20260401_20260630200146,feed_shizuokacity_yui-kanbara_20260401_20260630200146,feed_shizuokacity_yui_kanbara_20260401_20260630200146_b2,feed_shizuokacity_yui_kanbara_20260401_20260630200146_b-weekend,feed_shizuokacity_yui_kanbara_20260401_20260630200146_b2+0+b-weekend+8,由比駅行き,0,feed_shizuokacity_yui_kanbara_20260401_20260630200146_SHP0002,b2,b-weekend,b2+0+b-weekend+8,SHP0002,,,
feed_shizuokacity_yui_20260401_20260630174723,feed_shizuokacity_yui_20260401_20260630174723,feed_shizuokacity_yui_20260401_20260630174723_y8,feed_shizuokacity_yui_20260401_20260630174723_y-tuethu,feed_shizuokacity_yui_20260401_20260630174723_y8++y-tuethu+1,桜野阿僧コース,,feed_shizuokacity_yui_20260401_20260630174723_SHP0001,y8,y-tuethu,y8++y-tuethu+1,SHP0001,,,
feed_shizuokacity_yui_20260401_20260630174723,feed_shizuokacity_yui_20260401_20260630174723,feed_shizuokacity_yui_20260401_20260630174723_y7,feed_shizuokacity_yui_20260401_20260630174723_y-tuethu,feed_shizuokacity_yui_20260401_20260630174723_y7++y-tuethu+1,桜野阿僧コース,,feed_shizuokacity_yui_20260401_20260630174723_SHP0002,y7,y-tuethu,y7++y-tuethu+1,SHP0002,,,
feed_shizuokacity_yui_20260401_20260630174723,feed_shizuokacity_yui_20260401_20260630174723,feed_shizuokacity_yui_20260401_20260630174723_y7,feed_shizuokacity_yui_20260401_20260630174723_y-tuethu,feed_shizuokacity_yui_20260401_20260630174723_y7++y-tuethu+2,桜野阿僧コース,,feed_shizuokacity_yui_20260401_20260630174723_SHP0002,y7,y-tuethu,y7++y-tuethu+2,SHP0002,,,
feed_shizuokacity_yui_20260401_20260630174723,feed_shizuokacity_yui_20260401_20260630174723,feed_shizuokacity_yui_20260401_20260630174723_y6,feed_shizuokacity_yui_20260401_20260630174723_y-tuethu,feed_shizuokacity_yui_20260401_20260630174723_y6++y-tuethu+1,桜野阿僧コース,,feed_shizuokacity_yui_20260401_20260630174723_SHP0003,y6,y-tuethu,y6++y-tuethu+1,SHP0003,,,
feed_shizuokacity_yui_20260401_20260630174723,feed_shizuokacity_yui_20260401_20260630174723,feed_shizuokacity_yui_20260401_20260630174723_y5,feed_shizuokacity_yui_20260401_20260630174723_y-tuethu,feed_shizuokacity_yui_20260401_20260630174723_y5++y-tuethu+1,桜野阿僧コース,,feed_shizuokacity_yui_20260401_20260630174723_SHP0004,y5,y-tuethu,y5++y-tuethu+1,SHP0004,,,
feed_shizuokacity_yui_20260401_20260630174723,feed_shizuokacity_yui_20260401_20260630174723,feed_shizuokacity_yui_20260401_20260630174723_y4,feed_shizuokacity_yui_20260401_20260630174723_y-monwedfri,feed_shizuokacity_yui_20260401_20260630174723_y4++y-monwedfri+1,香木穴倉沢コース,,feed_shizuokacity_yui_20260401_20260630174723_SHP0005,y4,y-monwedfri,y4++y-monwedfri+1,SHP0005,,,
feed_shizuokacity_yui_20260401_20260630174723,feed_shizuokacity_yui_20260401_20260630174723,feed_shizuokacity_yui_20260401_20260630174723_y3,feed_shizuokacity_yui_20260401_20260630174723_y-monwedfri,feed_shizuokacity_yui_20260401_20260630174723_y3++y-monwedfri+1,香木穴倉沢コース,,feed_shizuokacity_yui_20260401_20260630174723_SHP0006,y3,y-monwedfri,y3++y-monwedfri+1,SHP0006,,,
feed_shizuokacity_yui_20260401_20260630174723,feed_shizuokacity_yui_20260401_20260630174723,feed_shizuokacity_yui_20260401_20260630174723_y3,feed_shizuokacity_yui_20260401_20260630174723_y-monwedfri,feed_shizuokacity_yui_20260401_20260630174723_y3++y-monwedfri+2,香木穴倉沢コース,,feed_shizuokacity_yui_20260401_20260630174723_SHP0006,y3,y-monwedfri,y3++y-monwedfri+2,SHP0006,,,
feed_shizuokacity_yui_20260401_20260630174723,feed_shizuokacity_yui_20260401_20260630174723,feed_shizuokacity_yui_20260401_20260630174723_y2,feed_shizuokacity_yui_20260401_20260630174723_y-monwedfri,feed_shizuokacity_yui_20260401_20260630174723_y2++y-monwedfri+1,香木穴倉沢コース,,feed_shizuokacity_yui_20260401_20260630174723_SHP0007,y2,y-monwedfri,y2++y-monwedfri+1,SHP0007,,,
feed_shizuokacity_yui_20260401_20260630174723,feed_shizuokacity_yui_20260401_20260630174723,feed_shizuokacity_yui_20260401_20260630174723_y1,feed_shizuokacity_yui_20260401_20260630174723_y-monwedfri,feed_shizuokacity_yui_20260401_20260630174723_y1++y-monwedfri+1,香木穴倉沢コース,,feed_shizuokacity_yui_20260401_20260630174723_SHP0008,y1,y-monwedfri,y1++y-monwedfri+1,SHP0008,,,
